100,1,m7anim,977F7F7F7F7F7F7F7F7F7F7F7F7F7F7F7F7F7F7F7F7F7F7F7F7F7F7F7F7F7F7F7F7F7F7F7F7F7F7F977F7F7F7F7F7F7F7F7F7F7F7F7F7F7F7F7F7F7F7F7F7F7F7F7F7F7F7F7F7F7F7F7F7F7F7F7F7F7F977F7F7F7F7F7F7F7F7F7F7F7F7F7F7F7F7F7F7F7F7F7F7F7F7F7F7F7F7F7F7F7F7F7F7F7F7F7F7F977F7F7F7F7F7F7F7F7F7F7F7F7F7F7F7F7F7F7F7F7F7F7F3F2F2F6F7F7F7F7F7F7F7F7F7F7F7F7F977F7F7F7F7F7F7F7F7F7F25202020222B7F7F7F7F7F7F3720933097226F7F7F7F7F7F7F7F7F7F7F977F7F7F7F7F7F7F7F7F3F937A7F7F20976A7F7F7F7F7F93603F6F7520977F7F7F7F7F7F7F7F7F7F977F7F7F7F7F7F7F7F7F93687F7D766997227F7F7F7F21937F6A7F7F75977F7F7F7F7F7F7F7F7F7F977F7F7F7F7F7F7F7F7F936A7F7F7F756D976B7F7F7F936A357F7F7F7F977F7F7F7F7F7F7F7F7F7F977F7F7F7F7F7F7F7F7F936A7F7F7F7F767430202020207A757F7F7F27977F7F7F7F7F7F7F7F7F7F977F7F7F7F7F7F7F7F7F932A7F7F7F7F7F7F7F7F7F7F7F7F7F7F7F2797687F7F7F7F7F7F7F7F7F7F977F7F7F7F7F7F7F7F7F3520936F7F7F7F356A7F7F35207F7F7F3520977F7F7F7F7F7F7F7F7F7F7F977F7F7F7F7F7F7F7F7F7F7D20937F7F7F7D7E7F7F7D7C3F2F2F25972F2F7F7F7F7F7F7F7F7F7F7F977F7F7F7F7F7F7F7F7F2F7393607C7C7F977F756B937F7F977371206A7F7F7F7F7F7F7F7F7F7F7F977F7F7F7F7F7F7F7F7F7F372028707E7F7F7F72767E7F7F7F733B2020667F7F7F7F7F7F7F7F7F7F977F7F7F7F7F7F7F7F7F7C34207E7F7F7F7F7F7F7F7F7F7F7F7F7F7D2068732F7F7F7F7F7F7F7F7F977F7F7F7F7F7F7F7F7F3F31207F7F7F3F6F3F2F7F37236B7F7F7F7F20227F7C7B7F7F7F7F7F7F7F977F7F7F7F7F7F7F7F7F7F35207F7F7F352225207F352026207F7F7F35207F7F7F7F7F7F7F7F7F7F977F7F7F7F7F7F7F7F7F7F35937F977F7D3420787F7D30207E7F937F35977F7F7F7F7F7F7F7F7F7F977F7F7F7F7F7F7F7F7F7F35937F977F7F7F7F7F7F7F7F7F7F7F937F25977F7F7F7F7F7F7F7F7F7F977F7F7F7F7F7F7F7F7F7F35937F977F7F7F7F7F7F7F7F7F7F7F933F97607F7F7F7F7F7F7F7F7F7F977F7F7F7F7F7F7F7F7F7F35207F7F7F7F7F7F7F7F7F7F7F7F7F9335976A7F7F7F7F7F7F7F7F7F7F977F7F7F7F7F7F7F7F7F7F35206B7F7F7F7F7F7F7F7F7F7F7F7F3F21207F7F7F7F7F7F7F7F7F7F7F977F7F7F7F7F7F7F7F7F3F272020222B6F7F7F7F7F7F7F7F7F2F212022237F7F7F7F7F7F7F7F7F7F977F7F7F7F7F7F7F7F3720602C2C242020202323232323232120202B24206B7F7F7F7F7F7F7F7F7F977F7F7F7F7F7F7F7F3520202060707C7F7D7C7C7C7C7C7C7C7C747020207A7F7F7F7F7F7F7F7F7F
100,2,m7anim,977F7F7F7F7F7F7F7F7F7F7F7F7F7F7F7F7F7F7F7F7F7F7F7F7F7F7F7F7F7F7F7F7F7F7F7F7F7F7F977F7F7F7F7F7F7F7F7F7F7F7F7F7F7F7F7F7F7F7F7F7F7F7F7F7F7F7F7F7F7F7F7F7F7F7F7F7F7F977F7F7F7F7F7F7F7F7F7F7F7F7F7F7F7F7F7F7F7F7F7F7F7F7F7F7F7F7F7F7F7F7F7F7F7F7F7F7F977F7F7F7F7F7F7F7F7F7F7F7F7F7F7F7F7F7F7F7F7F7F7F7F7F7F7F7F7F7F7F7F7F7F7F7F7F7F7F977F7F7F7F7F7F7F7F7F7F7F7F7F7F7F7F7F7F7F7F7F7F7F7F7F7F7F7F7F7F7F7F7F7F7F7F7F7F7F977F7F7F7F7F7F7F7F7F7F7F7F7F7F7F7F7F7F7F7F7F7F7F7F7F7F7F7F7F7F7F7F7F7F7F7F7F7F7F977F7F7F7F7F7F7F7F7F7F7F7F7F7F7F7F7F7F7F7F7F7F7F7F7F7F7F7F7F7F7F7F7F7F7F7F7F7F7F977F7F7F7F7F7F7F7F7F2721202020232B7F7F7F7F7F7F7F7F2F27232323236F7F7F7F7F7F7F7F7F977F7F7F7F7F7F7F7F3793687E7F7C70972223232323232F219370787C7C30976F7F7F7F7F7F7F7F977F7F7F7F7F7F7F7F93607F7D7C7C7B7C74787C7C7C7070787E677C7C7E7D976A7F7F7F7F7F7F7F977F7F7F7F7F7F7F7F932A7F7F7F7F7F7F7F7F7F7F7F7F7F7F7F7F7F7F7F7F976A7F7F7F7F7F7F7F977F7F7F7F7F7F7F7F34936F7F7F7F7F7F7F7F7F7F7F7F7F7F7F7F7F7F7F3F976A7F7F7F7F7F7F7F977F7F7F7F7F7F7F7F7D93222B6F7F7F7F7F35207F7F35207F7F7F7F7F7F25977A7F7F7F7F7F7F7F977F7F7F7F7F7F7F7F7F7F743020937F7F7F7F7F3F6B7F7F7F7F7F3F239760787F7F7F7F7F7F7F7F977F7F7F7F7F7F7F7F3F2F73212070787E7F7F37652B2F937F7F2C2497602F6F7F7F7F7F7F7F7F7F977F7F7F7F7F7F7F7F7D7C3F206073737B7F7F7D7A7C7C7F7F7F7C74202A6C767B7F7F7F7F7F7F7F977F7F7F7F7F7F7F7F733C2620687C7E7F7F7F7F7F7F7F7F7F7F7C7C30202C6C737F7F7F7F7F7F7F977F7F7F7F7F7F7F7F7F7835207F7F7F7F7F7F7F7F7F7F7F7F7F7F7F35207F7C3B7F7F7F7F7F7F7F977F7F7F7F7F7F7F7F7F7F356A7F7F7F372B37237F7F3F206A7F7F7F7F306A7F7F7F7F7F7F7F7F7F977F7F7F7F7F7F7F7F7F7F936A977F7F753020607F7F3520237F7F7F933D977F7F7F7F7F7F7F7F7F977F7F7F7F7F7F7F7F7F7F937A977F7F7F75707A7F7F3520207F7F937F976A7F7F7F7F7F7F7F7F7F977F7F7F7F7F7F7F7F7F7F206F7F7F7F7F7F7F7F7F7F7F7C7F7F7F9323977A7F7F7F7F7F7F7F7F7F977F7F7F7F7F7F7F7F3F272020222F6F7F7F7F7F7F7F7F7F7F7F3F2120202B6F7F7F7F7F7F7F7F7F977F7F7F7F7F7F7F7F2060783D20202020202323232B2F2F2F2720707E7C20226F7F7F7F7F7F7F7F977F7F7F7F7F7F7F7F2022212060787F7F7D7C7C7470707070302020202020206A7F7F7F7F7F7F7F
100,3,m7anim,977F7F7F7F7F7F7F7F7F7F7F7F7F7F7F7F7F7F7F7F7F7F7F7F7F7F7F7F7F7F7F7F7F7F7F7F7F7F7F977F7F7F7F7F7F7F7F7F7F7F7F7F7F7F7F7F7F7F7F7F7F7F7F7F7F7F7F7F7F7F7F7F7F7F7F7F7F7F977F7F7F7F7F7F7F7F7F7F7F7F7F7F7F7F7F7F7F7F7F7F7F7F7F7F7F7F7F7F7F7F7F7F7F7F7F7F7F977F7F7F7F7F7F7F7F7F7F7F7F7F7F7F7F7F7F7F7F7F7F7F3F2F2F6F7F7F7F7F7F7F7F7F7F7F7F7F977F7F7F7F7F7F7F7F7F7F25202020222B7F7F7F7F7F7F3720933097226F7F7F7F7F7F7F7F7F7F7F977F7F7F7F7F7F7F7F7F3F937A7F7F20976A7F7F7F7F7F93603F6F7520977F7F7F7F7F7F7F7F7F7F977F7F7F7F7F7F7F7F7F93687F7D766997227F7F7F7F21937F6A7F7F75977F7F7F7F7F7F7F7F7F7F977F7F7F7F7F7F7F7F7F936A7F7F7F756D976B7F7F7F936A357F7F7F7F977F7F7F7F7F7F7F7F7F7F977F7F7F7F7F7F7F7F7F936A7F7F7F7F767430202020207A757F7F7F27977F7F7F7F7F7F7F7F7F7F977F7F7F7F7F7F7F7F7F932A7F7F7F7F7F7F7F7F7F7F7F7F7F7F7F2797687F7F7F7F7F7F7F7F7F7F977F7F7F7F7F7F7F7F7F3520936F7F7F7F356A7F7F35207F7F7F3520977F7F7F7F7F7F7F7F7F7F7F977F7F7F7F7F7F7F7F7F7F7D20937F7F7F7D7E7F7F7D7C3F2F2F25972F2F7F7F7F7F7F7F7F7F7F7F977F7F7F7F7F7F7F7F7F2F7393607C7C7F977F756B937F7F977371206A7F7F7F7F7F7F7F7F7F7F7F977F7F7F7F7F7F7F7F7F7F372028707E7F7F7F72767E7F7F7F733B2020667F7F7F7F7F7F7F7F7F7F977F7F7F7F7F7F7F7F7F7C34207E7F7F7F7F7F7F7F7F7F7F7F7F7F7D2068732F7F7F7F7F7F7F7F7F977F7F7F7F7F7F7F7F7F3F31207F7F7F3F6F3F2F7F37236B7F7F7F7F20227F7C7B7F7F7F7F7F7F7F977F7F7F7F7F7F7F7F7F7F35207F7F7F352225207F352026207F7F7F35207F7F7F7F7F7F7F7F7F7F977F7F7F7F7F7F7F7F7F7F35937F977F7D3420787F7D30207E7F937F35977F7F7F7F7F7F7F7F7F7F977F7F7F7F7F7F7F7F7F7F35937F977F7F7F7F7F7F7F7F7F7F7F937F25977F7F7F7F7F7F7F7F7F7F977F7F7F7F7F7F7F7F7F7F35937F977F7F7F7F7F7F7F7F7F7F7F933F97607F7F7F7F7F7F7F7F7F7F977F7F7F7F7F7F7F7F7F7F35207F7F7F7F7F7F7F7F7F7F7F7F7F9335976A7F7F7F7F7F7F7F7F7F7F977F7F7F7F7F7F7F7F7F7F35206B7F7F7F7F7F7F7F7F7F7F7F7F3F21207F7F7F7F7F7F7F7F7F7F7F977F7F7F7F7F7F7F7F7F3F272020222B6F7F7F7F7F7F7F7F7F2F212022237F7F7F7F7F7F7F7F7F7F977F7F7F7F7F7F7F7F3720602C2C242020202323232323232120202B24206B7F7F7F7F7F7F7F7F7F977F7F7F7F7F7F7F7F3520202060707C7F7D7C7C7C7C7C7C7C7C747020207A7F7F7F7F7F7F7F7F7F
100,4,m7anim,977F7F7F7F7F7F7F7F7F7F7F7F7F7F7F7F7F7F7F7F7F7F7F7F7F7F7F7F7F7F7F7F7F7F7F7F7F7F7F977F7F7F7F7F7F7F7F7F7F7F7F7F7F7F7F7F7F7F7F7F7F7F7F7F7F7F7F7F7F7F7F7F7F7F7F7F7F7F977F7F7F7F7F7F7F7F7F7F7F7F7F7F7F7F7F7F7F7F7F7F7F7F7F7F7F7F7F7F7F7F7F7F7F7F7F7F7F977F7F7F7F7F7F7F7F7F7F7F7F7F7F7F7F7F7F7F7F7F7F7F7F7F7F7F7F7F7F7F7F7F7F7F7F7F7F7F977F7F7F7F7F7F7F7F7F7F7F7F7F7F7F7F7F7F7F7F7F7F7F7F7F7F7F7F7F7F7F7F7F7F7F7F7F7F7F977F7F7F7F7F7F7F7F7F7F7F7F7F7F7F7F7F7F7F7F7F7F7F7F7F7F7F7F7F7F7F7F7F7F7F7F7F7F7F977F7F7F7F7F7F7F7F7F7F7F7F7F7F7F7F7F7F7F7F7F7F7F7F7F7F7F7F7F7F7F7F7F7F7F7F7F7F7F977F7F7F7F7F7F7F7F7F2721202020232B7F7F7F7F7F7F7F7F2F27232323236F7F7F7F7F7F7F7F7F977F7F7F7F7F7F7F7F3793687E7F7C70972223232323232F219370787C7C30976F7F7F7F7F7F7F7F977F7F7F7F7F7F7F7F93607F7D7C7C7B7C74787C7C7C7070787E677C7C7E7D976A7F7F7F7F7F7F7F977F7F7F7F7F7F7F7F932A7F7F7F7F7F7F7F7F7F7F7F7F7F7F7F7F7F7F7F7F976A7F7F7F7F7F7F7F977F7F7F7F7F7F7F7F34936F7F7F7F7F7F7F7F7F7F7F7F7F7F7F7F7F7F7F3F976A7F7F7F7F7F7F7F977F7F7F7F7F7F7F7F7D93222B6F7F7F7F7F35207F7F35207F7F7F7F7F7F25977A7F7F7F7F7F7F7F977F7F7F7F7F7F7F7F7F7F743020937F7F7F7F7F3F6B7F7F7F7F7F3F239760787F7F7F7F7F7F7F7F977F7F7F7F7F7F7F7F3F2F73212070787E7F7F37652B2F937F7F2C2497602F6F7F7F7F7F7F7F7F7F977F7F7F7F7F7F7F7F7D7C3F206073737B7F7F7D7A7C7C7F7F7F7C74202A6C767B7F7F7F7F7F7F7F977F7F7F7F7F7F7F7F733C2620687C7E7F7F7F7F7F7F7F7F7F7F7C7C30202C6C737F7F7F7F7F7F7F977F7F7F7F7F7F7F7F7F7835207F7F7F7F7F7F7F7F7F7F7F7F7F7F7F35207F7C3B7F7F7F7F7F7F7F977F7F7F7F7F7F7F7F7F7F356A7F7F7F372B37237F7F3F206A7F7F7F7F306A7F7F7F7F7F7F7F7F7F977F7F7F7F7F7F7F7F7F7F936A977F7F753020607F7F3520237F7F7F933D977F7F7F7F7F7F7F7F7F977F7F7F7F7F7F7F7F7F7F937A977F7F7F75707A7F7F3520207F7F937F976A7F7F7F7F7F7F7F7F7F977F7F7F7F7F7F7F7F7F7F206F7F7F7F7F7F7F7F7F7F7F7C7F7F7F9323977A7F7F7F7F7F7F7F7F7F977F7F7F7F7F7F7F7F3F272020222F6F7F7F7F7F7F7F7F7F7F7F3F2120202B6F7F7F7F7F7F7F7F7F977F7F7F7F7F7F7F7F2060783D20202020202323232B2F2F2F2720707E7C20226F7F7F7F7F7F7F7F977F7F7F7F7F7F7F7F2022212060787F7F7D7C7C7470707070302020202020206A7F7F7F7F7F7F7F
100,5,m7anim,977F7F7F7F7F7F7F7F7F7F7F7F7F7F7F7F7F7F7F7F7F7F7F7F7F7F7F7F7F7F7F7F7F7F7F7F7F7F7F977F7F7F7F7F7F7F7F7F7F7F7F7F7F7F7F7F7F7F7F7F7F7F7F7F7F7F7F7F7F7F7F7F7F7F7F7F7F7F977F7F7F7F7F7F7F7F7F7F7F7F7F7F7F7F7F7F7F7F7F7F7F7F7F7F7F7F7F7F7F7F7F7F7F7F7F7F7F977F7F7F7F7F7F7F7F7F7F7F7F7F7F7F7F7F7F7F7F7F7F7F3F2F2F6F7F7F7F7F7F7F7F7F7F7F7F7F977F7F7F7F7F7F7F7F7F7F25202020222B7F7F7F7F7F7F3720933097226F7F7F7F7F7F7F7F7F7F7F977F7F7F7F7F7F7F7F7F3F937A7F7F20976A7F7F7F7F7F93603F6F7520977F7F7F7F7F7F7F7F7F7F977F7F7F7F7F7F7F7F7F93687F7D766997227F7F7F7F21937F6A7F7F75977F7F7F7F7F7F7F7F7F7F977F7F7F7F7F7F7F7F7F936A7F7F7F756D976B7F7F7F936A357F7F7F7F977F7F7F7F7F7F7F7F7F7F977F7F7F7F7F7F7F7F7F936A7F7F7F7F767430202020207A757F7F7F27977F7F7F7F7F7F7F7F7F7F977F7F7F7F7F7F7F7F7F932A7F7F7F7F7F7F7F7F7F7F7F7F7F7F7F2797687F7F7F7F7F7F7F7F7F7F977F7F7F7F7F7F7F7F7F3520936F7F7F7F356A7F7F35207F7F7F3520977F7F7F7F7F7F7F7F7F7F7F977F7F7F7F7F7F7F7F7F7F7D20937F7F7F7D7E7F7F7D7C3F2F2F25972F2F7F7F7F7F7F7F7F7F7F7F977F7F7F7F7F7F7F7F7F2F7393607C7C7F977F756B937F7F977371206A7F7F7F7F7F7F7F7F7F7F7F977F7F7F7F7F7F7F7F7F7F372028707E7F7F7F72767E7F7F7F733B2020667F7F7F7F7F7F7F7F7F7F977F7F7F7F7F7F7F7F7F7C34207E7F7F7F7F7F7F7F7F7F7F7F7F7F7D2068732F7F7F7F7F7F7F7F7F977F7F7F7F7F7F7F7F7F3F31207F7F7F3F6F3F2F7F37236B7F7F7F7F20227F7C7B7F7F7F7F7F7F7F977F7F7F7F7F7F7F7F7F7F35207F7F7F352225207F352026207F7F7F35207F7F7F7F7F7F7F7F7F7F977F7F7F7F7F7F7F7F7F7F35937F977F7D3420787F7D30207E7F937F35977F7F7F7F7F7F7F7F7F7F977F7F7F7F7F7F7F7F7F7F35937F977F7F7F7F7F7F7F7F7F7F7F937F25977F7F7F7F7F7F7F7F7F7F977F7F7F7F7F7F7F7F7F7F35937F977F7F7F7F7F7F7F7F7F7F7F933F97607F7F7F7F7F7F7F7F7F7F977F7F7F7F7F7F7F7F7F7F35207F7F7F7F7F7F7F7F7F7F7F7F7F9335976A7F7F7F7F7F7F7F7F7F7F977F7F7F7F7F7F7F7F7F7F35206B7F7F7F7F7F7F7F7F7F7F7F7F3F21207F7F7F7F7F7F7F7F7F7F7F977F7F7F7F7F7F7F7F7F3F272020222B6F7F7F7F7F7F7F7F7F2F212022237F7F7F7F7F7F7F7F7F7F977F7F7F7F7F7F7F7F3720602C2C242020202323232323232120202B24206B7F7F7F7F7F7F7F7F7F977F7F7F7F7F7F7F7F3520202060707C7F7D7C7C7C7C7C7C7C7C747020207A7F7F7F7F7F7F7F7F7F
100,6,m7anim,977F7F7F7F7F7F7F7F7F7F7F7F7F7F7F7F7F7F7F7F7F7F7F7F7F7F7F7F7F7F7F7F7F7F7F7F7F7F7F977F7F7F7F7F7F7F7F7F7F7F7F7F7F7F7F7F7F7F7F7F7F7F7F7F7F7F7F7F7F7F7F7F7F7F7F7F7F7F977F7F7F7F7F7F7F7F7F7F7F7F7F7F7F7F7F7F7F7F7F7F7F7F7F7F7F7F7F7F7F7F7F7F7F7F7F7F7F977F7F7F7F7F7F7F7F7F7F7F7F7F7F7F7F7F7F7F7F7F7F7F7F7F7F7F7F7F7F7F7F7F7F7F7F7F7F7F977F7F7F7F7F7F7F7F7F7F7F7F7F7F7F7F7F7F7F7F7F7F7F7F7F7F7F7F7F7F7F7F7F7F7F7F7F7F7F977F7F7F7F7F7F7F7F7F7F7F7F7F7F7F7F7F7F7F7F7F7F7F7F7F7F7F7F7F7F7F7F7F7F7F7F7F7F7F977F7F7F7F7F7F7F7F7F7F7F7F7F7F7F7F7F7F7F7F7F7F7F7F7F7F7F7F7F7F7F7F7F7F7F7F7F7F7F977F7F7F7F7F7F7F7F7F2721202020232B7F7F7F7F7F7F7F7F2F27232323236F7F7F7F7F7F7F7F7F977F7F7F7F7F7F7F7F3793687E7F7C70972223232323232F219370787C7C30976F7F7F7F7F7F7F7F977F7F7F7F7F7F7F7F93607F7D7C7C7B7C74787C7C7C7070787E677C7C7E7D976A7F7F7F7F7F7F7F977F7F7F7F7F7F7F7F932A7F7F7F7F7F7F7F7F7F7F7F7F7F7F7F7F7F7F7F7F976A7F7F7F7F7F7F7F977F7F7F7F7F7F7F7F34936F7F7F7F7F7F7F7F7F7F7F7F7F7F7F7F7F7F7F3F976A7F7F7F7F7F7F7F977F7F7F7F7F7F7F7F7D93222B6F7F7F7F7F35207F7F35207F7F7F7F7F7F25977A7F7F7F7F7F7F7F977F7F7F7F7F7F7F7F7F7F743020937F7F7F7F7F3F6B7F7F7F7F7F3F239760787F7F7F7F7F7F7F7F977F7F7F7F7F7F7F7F3F2F73212070787E7F7F37652B2F937F7F2C2497602F6F7F7F7F7F7F7F7F7F977F7F7F7F7F7F7F7F7D7C3F206073737B7F7F7D7A7C7C7F7F7F7C74202A6C767B7F7F7F7F7F7F7F977F7F7F7F7F7F7F7F733C2620687C7E7F7F7F7F7F7F7F7F7F7F7C7C30202C6C737F7F7F7F7F7F7F977F7F7F7F7F7F7F7F7F7835207F7F7F7F7F7F7F7F7F7F7F7F7F7F7F35207F7C3B7F7F7F7F7F7F7F977F7F7F7F7F7F7F7F7F7F356A7F7F7F372B37237F7F3F206A7F7F7F7F306A7F7F7F7F7F7F7F7F7F977F7F7F7F7F7F7F7F7F7F936A977F7F753020607F7F3520237F7F7F933D977F7F7F7F7F7F7F7F7F977F7F7F7F7F7F7F7F7F7F937A977F7F7F75707A7F7F3520207F7F937F976A7F7F7F7F7F7F7F7F7F977F7F7F7F7F7F7F7F7F7F206F7F7F7F7F7F7F7F7F7F7F7C7F7F7F9323977A7F7F7F7F7F7F7F7F7F977F7F7F7F7F7F7F7F3F272020222F6F7F7F7F7F7F7F7F7F7F7F3F2120202B6F7F7F7F7F7F7F7F7F977F7F7F7F7F7F7F7F2060783D20202020202323232B2F2F2F2720707E7C20226F7F7F7F7F7F7F7F977F7F7F7F7F7F7F7F2022212060787F7F7D7C7C7470707070302020202020206A7F7F7F7F7F7F7F
100,7,m7anim,977F7F7F7F7F7F7F7F7F7F7F7F7F7F7F7F7F7F7F7F7F7F7F7F7F7F7F7F7F7F7F7F7F7F7F7F7F7F7F977F7F7F7F7F7F7F7F7F7F7F7F7F7F7F7F7F7F7F7F7F7F7F7F7F7F7F7F7F7F7F7F7F7F7F7F7F7F7F977F7F7F7F7F7F7F7F7F7F7F7F7F7F7F7F7F7F7F7F7F7F7F7F7F7F7F7F7F7F7F7F7F7F7F7F7F7F7F977F7F7F7F7F7F7F7F7F7F7F7F7F7F7F7F7F7F7F7F7F7F7F3F2F2F6F7F7F7F7F7F7F7F7F7F7F7F7F977F7F7F7F7F7F7F7F7F7F25202020222B7F7F7F7F7F7F3720933097226F7F7F7F7F7F7F7F7F7F7F977F7F7F7F7F7F7F7F7F3F937A7F7F20976A7F7F7F7F7F93603F6F7520977F7F7F7F7F7F7F7F7F7F977F7F7F7F7F7F7F7F7F93687F7D766997227F7F7F7F21937F6A7F7F75977F7F7F7F7F7F7F7F7F7F977F7F7F7F7F7F7F7F7F936A7F7F7F756D976B7F7F7F936A357F7F7F7F977F7F7F7F7F7F7F7F7F7F977F7F7F7F7F7F7F7F7F936A7F7F7F7F767430202020207A757F7F7F27977F7F7F7F7F7F7F7F7F7F977F7F7F7F7F7F7F7F7F932A7F7F7F7F7F7F7F7F7F7F7F7F7F7F7F2797687F7F7F7F7F7F7F7F7F7F977F7F7F7F7F7F7F7F7F3520936F7F7F7F356A7F7F35207F7F7F3520977F7F7F7F7F7F7F7F7F7F7F977F7F7F7F7F7F7F7F7F7F7D20937F7F7F7D7E7F7F7D7C3F2F2F25972F2F7F7F7F7F7F7F7F7F7F7F977F7F7F7F7F7F7F7F7F2F7393607C7C7F977F756B937F7F977371206A7F7F7F7F7F7F7F7F7F7F7F977F7F7F7F7F7F7F7F7F7F372028707E7F7F7F72767E7F7F7F733B2020667F7F7F7F7F7F7F7F7F7F977F7F7F7F7F7F7F7F7F7C34207E7F7F7F7F7F7F7F7F7F7F7F7F7F7D2068732F7F7F7F7F7F7F7F7F977F7F7F7F7F7F7F7F7F3F31207F7F7F3F6F3F2F7F37236B7F7F7F7F20227F7C7B7F7F7F7F7F7F7F977F7F7F7F7F7F7F7F7F7F35207F7F7F352225207F352026207F7F7F35207F7F7F7F7F7F7F7F7F7F977F7F7F7F7F7F7F7F7F7F35937F977F7D3420787F7D30207E7F937F35977F7F7F7F7F7F7F7F7F7F977F7F7F7F7F7F7F7F7F7F35937F977F7F7F7F7F7F7F7F7F7F7F937F25977F7F7F7F7F7F7F7F7F7F977F7F7F7F7F7F7F7F7F7F35937F977F7F7F7F7F7F7F7F7F7F7F933F97607F7F7F7F7F7F7F7F7F7F977F7F7F7F7F7F7F7F7F7F35207F7F7F7F7F7F7F7F7F7F7F7F7F9335976A7F7F7F7F7F7F7F7F7F7F977F7F7F7F7F7F7F7F7F7F35206B7F7F7F7F7F7F7F7F7F7F7F7F3F21207F7F7F7F7F7F7F7F7F7F7F977F7F7F7F7F7F7F7F7F3F272020222B6F7F7F7F7F7F7F7F7F2F212022237F7F7F7F7F7F7F7F7F7F977F7F7F7F7F7F7F7F3720602C2C242020202323232323232120202B24206B7F7F7F7F7F7F7F7F7F977F7F7F7F7F7F7F7F3520202060707C7F7D7C7C7C7C7C7C7C7C747020207A7F7F7F7F7F7F7F7F7F
100,8,m7anim,977F7F7F7F7F7F7F7F7F7F7F7F7F7F7F7F7F7F7F7F7F7F7F7F7F7F7F7F7F7F7F7F7F7F7F7F7F7F7F977F7F7F7F7F7F7F7F7F7F7F7F7F7F7F7F7F7F7F7F7F7F7F7F7F7F7F7F7F7F7F7F7F7F7F7F7F7F7F977F7F7F7F7F7F7F7F7F7F7F7F7F7F7F7F7F7F7F7F7F7F7F7F7F7F7F7F7F7F7F7F7F7F7F7F7F7F7F977F7F7F7F7F7F7F7F7F7F7F7F7F7F7F7F7F7F7F7F7F7F7F7F7F7F7F7F7F7F7F7F7F7F7F7F7F7F7F977F7F7F7F7F7F7F7F7F7F7F7F7F7F7F7F7F7F7F7F7F7F7F7F7F7F7F7F7F7F7F7F7F7F7F7F7F7F7F977F7F7F7F7F7F7F7F7F7F7F7F7F7F7F7F7F7F7F7F7F7F7F7F7F7F7F7F7F7F7F7F7F7F7F7F7F7F7F977F7F7F7F7F7F7F7F7F7F7F7F7F7F7F7F7F7F7F7F7F7F7F7F7F7F7F7F7F7F7F7F7F7F7F7F7F7F7F977F7F7F7F7F7F7F7F7F2721202020232B7F7F7F7F7F7F7F7F2F27232323236F7F7F7F7F7F7F7F7F977F7F7F7F7F7F7F7F3793687E7F7C70972223232323232F219370787C7C30976F7F7F7F7F7F7F7F977F7F7F7F7F7F7F7F93607F7D7C7C7B7C74787C7C7C7070787E677C7C7E7D976A7F7F7F7F7F7F7F977F7F7F7F7F7F7F7F932A7F7F7F7F7F7F7F7F7F7F7F7F7F7F7F7F7F7F7F7F976A7F7F7F7F7F7F7F977F7F7F7F7F7F7F7F34936F7F7F7F7F7F7F7F7F7F7F7F7F7F7F7F7F7F7F3F976A7F7F7F7F7F7F7F977F7F7F7F7F7F7F7F7D93222B6F7F7F7F7F35207F7F35207F7F7F7F7F7F25977A7F7F7F7F7F7F7F977F7F7F7F7F7F7F7F7F7F743020937F7F7F7F7F3F6B7F7F7F7F7F3F239760787F7F7F7F7F7F7F7F977F7F7F7F7F7F7F7F3F2F73212070787E7F7F37652B2F937F7F2C2497602F6F7F7F7F7F7F7F7F7F977F7F7F7F7F7F7F7F7D7C3F206073737B7F7F7D7A7C7C7F7F7F7C74202A6C767B7F7F7F7F7F7F7F977F7F7F7F7F7F7F7F733C2620687C7E7F7F7F7F7F7F7F7F7F7F7C7C30202C6C737F7F7F7F7F7F7F977F7F7F7F7F7F7F7F7F7835207F7F7F7F7F7F7F7F7F7F7F7F7F7F7F35207F7C3B7F7F7F7F7F7F7F977F7F7F7F7F7F7F7F7F7F356A7F7F7F372B37237F7F3F206A7F7F7F7F306A7F7F7F7F7F7F7F7F7F977F7F7F7F7F7F7F7F7F7F936A977F7F753020607F7F3520237F7F7F933D977F7F7F7F7F7F7F7F7F977F7F7F7F7F7F7F7F7F7F937A977F7F7F75707A7F7F3520207F7F937F976A7F7F7F7F7F7F7F7F7F977F7F7F7F7F7F7F7F7F7F206F7F7F7F7F7F7F7F7F7F7F7C7F7F7F9323977A7F7F7F7F7F7F7F7F7F977F7F7F7F7F7F7F7F3F272020222F6F7F7F7F7F7F7F7F7F7F7F3F2120202B6F7F7F7F7F7F7F7F7F977F7F7F7F7F7F7F7F2060783D20202020202323232B2F2F2F2720707E7C20226F7F7F7F7F7F7F7F977F7F7F7F7F7F7F7F2022212060787F7F7D7C7C7470707070302020202020206A7F7F7F7F7F7F7F
100,9,m7anim,977F7F7F7F7F7F7F7F7F7F7F7F7F7F7F7F7F7F7F7F7F7F7F7F7F7F7F7F7F7F7F7F7F7F7F7F7F7F7F977F7F7F7F7F7F7F7F7F7F7F7F7F7F7F7F7F7F7F7F7F7F7F7F7F7F7F7F7F7F7F7F7F7F7F7F7F7F7F977F7F7F7F7F7F7F7F7F7F7F7F7F7F7F7F7F7F7F7F7F7F7F7F7F7F7F7F7F7F7F7F7F7F7F7F7F7F7F977F7F7F7F7F7F7F7F7F7F7F7F7F7F7F7F7F7F7F7F7F7F7F7F7F7F7F7F7F7F7F7F7F7F7F7F7F7F7F977F7F7F7F7F7F7F7F7F7F7F7F7F7F7F7F7F7F7F7F7F7F7F7F7F7F7F7F7F7F7F7F7F7F7F7F7F7F7F977F7F7F7F7F7F7F7F7F7F7F7F7F7F7F7F7F7F7F7F7F7F7F7F7F7F7F7F7F7F7F7F7F7F7F7F7F7F7F977F7F7F7F7F7F7F7F7F7F7F7F7F7F7F7F7F7F7F7F7F7F7F7F7F7F7F7F7F7F7F7F7F7F7F7F7F7F7F977F7F7F7F7F7F7F7F7F7F7F7F7F7F7F7F7F7F7F7F7F7F7F7F7F7F7F7F7F7F7F7F7F7F7F7F7F7F7F977F7F7F7F7F7F7F7F7F7F7F7F7F7F7F7F7F7F7F7F7F7F7F7F7F7F7F7F7F7F7F7F7F7F7F7F7F7F7F977F7F7F7F7F7F7F7F7F3F2F2F2F7F7F7F7F7F7F7F7F7F7F7F7F7F7F7F7F7F7F7F7F7F7F7F7F7F7F977F7F7F7F7F7F7F7F7F2020202020206F7F7F7F7F7F7F7F3F2F2F2F2F2F2F7F7F7F7F7F7F7F7F7F977F7F7F7F7F7F7F7F379360787C7020972B2F2F2F2F2F2F20209360707097227F7F7F7F7F7F7F7F977F7F7F7F7F7F7F7F93607E3771726B7C70707070707070787C6773336F7D976A7F7F7F7F7F7F7F977F7F7F7F7F7F7F7F93227F7F7F7F7E7F7F7F7F7F7F7F7F7F7F7E7F7F747F976A7F7F7F7F7F7F7F977F7F7F7F7F7F7F7F749322236F7F7F7F7F7F7F7F7F7F7F7F7F7F7F7F7F35976A7F7F7F7F7F7F7F977F7F7F7F7F7F7F7F7F7420932A2F7F7F7F77737F7F77737F7F7F7F7F3F21977E7F7F7F7F7F7F7F977F7F7F7F7F7F7F7F7F7F2F252093637B7F7F9773937F7F7F7F733120977E7F7F7F7F7F7F7F7F7F977F7F7F7F7F7F7F7F7D2C6720282F6F7F7F7F727073797F7F7F3C2C2022282E7F7F7F7F7F7F7F7F977F7F7F7F7F7F7F7F7F2420787F7F7F7F7F7F7F7F7F7F7F7F7F7F7F30206F7C777F7F7F7F7F7F7F977F7F7F7F7F7F7F7F21202B2F6F7F7F7F7F7F7F7F7F7F7F7F7F7F7F7F30202B7F7F7F7F7F7F7F7F977F7F7F7F7F7F7F7F74202020627F7F7F7F7F7F7F7F7F7F7F7F7F7F372D34206B7F7F7F7F7F7F7F977F7F7F7F7F7F7F7F7F7F20937F977F7F7F7F7F7F7F7F7F7F7F937F219760707E7F7F7F7F7F7F7F977F7F7F7F7F7F7F7F272320932B976F7F7F7F7F7F7F7F7F7F7F932720972B6F7F7F7F7F7F7F7F7F977F7F7F7F7F7F7F7F20683C2520202020202323232323232321202C2E2C20226B7F7F7F7F7F7F7F977F7F7F7F7F7F7F7F30202070787C7C747070707070707078747070707020207A7F7F7F7F7F7F7F
100,10,m7anim,977F7F7F7F7F7F7F7F7F7F7F7F7F3F2F2F6F7F7F7F7F7F2F2F2F6F7F7F7F7F7F7F7F7F7F7F7F7F7F977F7F7F7F7F7F7F7F7F7F7F7F7F937097227F7F7F7F25937C972A7F7F7F7F7F7F7F7F7F7F7F7F7F977F7F7F7F7F7F7F7F7F7F7F7F3593773B972B7F7F3F936A7E7F977F7F7F7F7F7F7F7F7F7F7F7F7F977F7F7F7F7F7F7F7F7F7F7F7F35937F7F74976F7F9368377F7F977F7F7F7F7F7F7F7F7F7F7F7F7F977F7F7F7F7F7F7F7F7F7F7F7F93687F7F3F972223936A357F7F977F7F7F7F7F7F7F7F7F7F7F7F7F977F7F7F7F7F7F7F7F7F7F7F7F936A7F7F7F7F7570707F7F7F7F977F7F7F7F7F7F7F7F7F7F7F7F7F977F7F7F7F7F7F7F7F7F7F7F7F34937F7F7F7F6F7F3F7F7F7F97687F7F7F7F7F7F7F7F7F7F7F7F7F977F7F7F7F7F7F7F7F7F7F7F7F7D93227F7F7F7A7F757F7F37977E7F7F7F7F7F7F7F7F7F7F7F7F7F977F7F7F7F7F7F7F7F7F7F7F7F7F2F93737B7F7F6B7F7D3C2497687F7F7F7F7F7F7F7F7F7F7F7F7F977F7F7F7F7F7F7F7F7F7F7F7F7D359363977F372F637F7F2D202A7F7F7F7F7F7F7F7F7F7F7F7F7F977F7F7F7F7F7F7F7F7F7F7F7F3F25607F7F7F7F7F7F7F7F7F302A7F7F7F7F7F7F7F7F7F7F7F7F7F977F7F7F7F7F7F7F7F7F7F7F7F7F256A7F7F7F7F7F7F7F7F7F352A7C3B7F7F7F7F7F7F7F7F7F7F7F977F7F7F7F7F7F7F7F7F7F7F7F7D207F276F6F7F7F3F2B356A7F207F7F7F7F7F7F7F7F7F7F7F7F7F977F7F7F7F7F7F7F7F7F7F7F7F7F937F2020977F7F3520256A7F207F7F7F7F7F7F7F7F7F7F7F7F7F977F7F7F7F7F7F7F7F7F7F7F7F7F936F30977A7F7F7F7470937F977F7F7F7F7F7F7F7F7F7F7F7F7F977F7F7F7F7F7F7F7F7F7F7F7F7F936A977C7F7F7F7F7F7F937F977F7F7F7F7F7F7F7F7F7F7F7F7F977F7F7F7F7F7F7F7F7F7F7F7F7F306F7F7F7F7F7F7F7F7F9325977F7F7F7F7F7F7F7F7F7F7F7F7F977F7F7F7F7F7F7F7F7F7F7F7F7F35226F7F7F7F7F7F7F7F7F206A7F7F7F7F7F7F7F7F7F7F7F7F7F977F7F7F7F7F7F7F7F7F7F7F7F7F7F30226F7F7F7F7F7F7F27207A7F7F7F7F7F7F7F7F7F7F7F7F7F977F7F7F7F7F7F7F7F7F7F7F7F7F7F7F3020232F2F2F2321687F7F7F7F7F7F7F7F7F7F7F7F7F7F7F977F7F7F7F7F7F7F7F7F7F7F7F7F7F7F75202020202020207E7F7F7F7F7F7F7F7F7F7F7F7F7F7F7F977F7F7F7F7F7F7F7F7F7F7F7F7F7F7F7F302920202027207F7F7F7F7F7F7F7F7F7F7F7F7F7F7F7F977F7F7F7F7F7F7F7F7F7F7F7F7F7F7F7F7F70707C70707E7F7F7F7F7F7F7F7F7F7F7F7F7F7F7F7F977F7F7F7F7F7F7F7F7F7F7F7F7F7F7F7F7F7F7F7F7F7F7F7F7F7F7F7F7F7F7F7F7F7F7F7F7F7F7F977F7F7F7F7F7F7F7F7F7F7F7F7F7F7F7F7F7F7F7F7F7F7F7F7F7F7F7F7F7F7F7F7F7F7F7F7F7F7F
100,11,m7anim,977F7F7F7F7F7F7F7F7F2520202020202A7F7F7F7F7F7F7F3F2520202A6F7F7F7F7F7F7F7F7F7F7F977F7F7F7F7F7F7F7F3793687E7F7C70972223232323232B209370783020972B7F7F7F7F7F7F7F7F977F7F7F7F7F7F7F7F93607F7D7C7C7B7C74607C7C7C7030787E677C7C7E20977F7F7F7F7F7F7F7F977F7F7F7F7F7F7F7F20937F7F7F7F7F7F7F7F7F7F7F7F7F7F7F7F7F7F7F20977F7F7F7F7F7F7F7F977F7F7F7F7F7F7F7F7593222F6F7F7F7F7F3F2F7F7F3F2F7F7F7F7F7F7F97687F7F7F7F7F7F7F7F977F7F7F7F7F7F7F7F7F7F302020937F7F7F7F7F7F6F7F7F7F7F7F7F2F97607F7F7F7F7F7F7F7F7F977F7F7F7F7F7F7F7F7F7F7F252093637B977F3F356E936F7F7F733197607E7F7F7F7F7F7F7F7F7F977F7F7F7F7F7F7F7F7F7F35202072737B7F7F7D7A7C7C7F7F7F7C74206B7F7F7F7F7F7F7F7F7F7F977F7F7F7F7F7F7F7F7F7F3520707C7E7F7F7F7F7F7F7F7F7F7F7C7C74207F7F7F7F7F7F7F7F7F7F977F7F7F7F7F7F7F7F7F7F206A7F3F6F7F7F7F7F7F7F7F7F7F7F352B7F7D6A7F7F7F7F7F7F7F7F7F977F7F7F7F7F7F7F7F7F7F207F7F356A7F7F7F7F7F7F7F7F7F7F75202A256A7F7F7F7F7F7F7F7F7F977F7F7F7F7F7F7F7F7F7F342220207E7F7F7F7F7F7F7F7F7F7F7F7D9370976F7F7F7F7F7F7F7F7F977F7F7F7F7F7F7F7F7F93607E977F7F7F7F7F7F7F7F7F7F7F7F7F937F7F976A7F7F7F7F7F7F7F7F977F7F7F7F7F7F7F7F7F932A7F977F7F7F7F7F7F7F7F7F7F7F7F7F937F7F976F7F7F7F7F7F7F7F7F977F7F7F7F7F7F7F7F3F202020222F6F7F7F7F7F7F7F7F7F7F7F7F93239734206F7F7F7F7F7F7F7F977F7F7F7F7F7F7F7F2160787430202223232B2F2F2F2F2F6F7F2720787C7D206A7F7F7F7F7F7F7F977F7F7F7F7F7F7F7F202F2F2120707474707070707070702020607030202F206A7F7F7F7F7F7F7F977F7F7F7F7F7F7F7F707070787E7F7F7F7F7F7F7F7F7F7F7F7F7F7F7F7D70707E7F7F7F7F7F7F7F977F7F7F7F7F7F7F7F7F7F7F7F7F7F7F7F7F7F7F7F7F7F7F7F7F7F7F7F7F7F7F7F7F7F7F7F7F7F7F977F7F7F7F7F7F7F7F7F7F7F7F7F7F7F7F7F7F7F7F7F7F7F7F7F7F7F7F7F7F7F7F7F7F7F7F7F7F7F977F7F7F7F7F7F7F7F7F7F7F7F7F7F7F7F7F7F7F7F7F7F7F7F7F7F7F7F7F7F7F7F7F7F7F7F7F7F7F977F7F7F7F7F7F7F7F7F7F7F7F7F7F7F7F7F7F7F7F7F7F7F7F7F7F7F7F7F7F7F7F7F7F7F7F7F7F7F977F7F7F7F7F7F7F7F7F7F7F7F7F7F7F7F7F7F7F7F7F7F7F7F7F7F7F7F7F7F7F7F7F7F7F7F7F7F7F977F7F7F7F7F7F7F7F7F7F7F7F7F7F7F7F7F7F7F7F7F7F7F7F7F7F7F7F7F7F7F7F7F7F7F7F7F7F7F977F7F7F7F7F7F7F7F7F7F7F7F7F7F7F7F7F7F7F7F7F7F7F7F7F7F7F7F7F7F7F7F7F7F7F7F7F7F7F
100,12,m7anim,977F7F7F7F7F7F7F7F7F7F3F2F6F7F7F7F7F7F7F7F7F7F7F7F7F7F7F7F7F7F7F7F7F7F7F7F7F7F7F977F7F7F7F7F7F7F7F7F2721202020202B7F7F7F7F7F7F7F7F2723232323236F7F7F7F7F7F7F7F7F977F7F7F7F7F7F7F7F3793687E7F7C70972223232323232F219370787C7C30976F7F7F7F7F7F7F7F977F7F7F7F7F7F7F7F93607F7D7C7C7B7C74787C7C7C7070707E677C7C7E7D976A7F7F7F7F7F7F7F977F7F7F7F7F7F7F7F93227F7F7F7F7F7F7F7F7F7F7F7F7F7F7F7F7F7F7F3F976A7F7F7F7F7F7F7F977F7F7F7F7F7F7F7F35936F7F7F7F7F7F7F3F2F7F7F3F2F7F7F7F7F7F7F20976A7F7F7F7F7F7F7F977F7F7F7F7F7F7F7F7F7D309322237F7F7F7D7C7F6F7D7C7F7F7F7F2F2797707F7F7F7F7F7F7F7F977F7F7F7F7F7F7F7F3F2F2F252093637B977F3F356E936F7F7F733120977F7F7F7F7F7F7F7F7F7F977F7F7F7F7F7F7F7F287C34206073737B7F7F7D7A7C7C7F7F7F7C74202078346B7F7F7F7F7F7F7F977F7F7F7F7F7F7F7F74702120687C7E7F7F7F7F7F7F7F7F7F7F7C7C30202320727F7F7F7F7F7F7F977F7F7F7F7F7F7F7F7F7F35207F7F7F7F7F7F7F7F7F7F7F7F7F7F7F3520707A7F7F7F7F7F7F7F7F977F7F7F7F7F7F7F7F7F7F35207F7F7F7F7F7F7F7F7F7F7F7F7F7F7F35206E7F7F7F7F7F7F7F7F7F977F7F7F7F7F7F7F21232F25207F7F7F7F7F7F7F7F7F7F7F7F7F7F7F7F34227F7F7F7F7F7F7F7F7F977F7F7F7F7F7F7F687870936A977F7F7F7F7F7F7F7F7F7F7F7F7F937F9722222A7F7F7F7F7F7F7F977F7F7F7F7F7F7F20202B937F977F7F7F7F7F7F7F7F7F7F7F7F7F937F976070306A7F7F7F7F7F7F977F7F7F7F7F7F7F742020202B6F7F7F7F7F7F7F7F7F7F7F7F7F7F7F37202E2F256A7F7F7F7F7F7F977F7F7F7F7F7F7F7F7F7F7D3020232B2F2F7F7F7F7F7F7F7F7F3F2720206070707E7F7F7F7F7F7F977F7F7F7F7F7F7F7F7F7F7F7F7D7470703020202022232323232060787D7F7F7F7F7F7F7F7F7F7F977F7F7F7F7F7F7F7F7F7F7F7F7F7F7F7F7F7F7F7F7F7F7F7F7F7F7F7F7F7F7F7F7F7F7F7F7F7F7F977F7F7F7F7F7F7F7F7F7F7F7F7F7F7F7F7F7F7F7F7F7F7F7F7F7F7F7F7F7F7F7F7F7F7F7F7F7F7F977F7F7F7F7F7F7F7F7F7F7F7F7F7F7F7F7F7F7F7F7F7F7F7F7F7F7F7F7F7F7F7F7F7F7F7F7F7F7F977F7F7F7F7F7F7F7F7F7F7F7F7F7F7F7F7F7F7F7F7F7F7F7F7F7F7F7F7F7F7F7F7F7F7F7F7F7F7F977F7F7F7F7F7F7F7F7F7F7F7F7F7F7F7F7F7F7F7F7F7F7F7F7F7F7F7F7F7F7F7F7F7F7F7F7F7F7F977F7F7F7F7F7F7F7F7F7F7F7F7F7F7F7F7F7F7F7F7F7F7F7F7F7F7F7F7F7F7F7F7F7F7F7F7F7F7F977F7F7F7F7F7F7F7F7F7F7F7F7F7F7F7F7F7F7F7F7F7F7F7F7F7F7F7F7F7F7F7F7F7F7F7F7F7F7F
100,13,m7anim,977F7F7F7F7F7F7F7F7F7F7F7F7F7F7F7F7F7F7F7F7F7F7F7F7F7F7F7F7F7F7F7F7F7F7F7F7F7F7F977F7F7F7F7F7F7F7F7F7F7F7F7F7F7F7F7F7F7F7F7F7F7F7F7F7F7F7F7F7F7F7F7F7F7F7F7F7F7F977F7F7F7F7F7F7F7F7F7F7F7F7F7F7F7F7F7F7F7F7F7F7F7F7F7F7F7F7F7F7F7F7F7F7F7F7F7F7F977F7F7F7F7F7F7F7F7F7F7F7F7F7F7F7F7F7F7F7F7F7F7F7F7F7F7F7F7F7F7F7F7F7F7F7F7F7F7F977F7F7F7F7F7F7F7F7F7F7F7F7F7F7F7F7F7F7F7F7F7F7F7F7F7F7F7F7F7F7F7F7F7F7F7F7F7F7F977F7F7F7F7F7F7F7F7F7F7F7F7F7F7F7F7F7F7F7F7F7F7F7F7F7F7F7F7F7F7F7F7F7F7F7F7F7F7F977F7F7F7F7F7F7F7F7F7F27232323232B7F7F7F7F7F7F7F2F2723232B7F7F7F7F7F7F7F7F7F7F7F977F7F7F7F7F7F7F7F7F279360306830976A7F7F7F7F3F2120936020976B7F7F7F7F7F7F7F7F7F7F977F7F7F7F7F7F7F7F3F936A7F7F7D3A34977F7F7F7F25937C2F673B34977F7F7F7F7F7F7F7F7F7F977F7F7F7F7F7F7F7F35936A7F7F7F7D6B972A2F2F2F9360657E7F7F35977F7F7F7F7F7F7F7F7F7F977F7F7F7F7F7F7F7F7F936A7F7F7F7F757530202020207A7A7F7F7F35977F7F7F7F7F7F7F7F7F7F977F7F7F7F7F7F7F7F7F93226F7F7F7F7F7F7F7F7F7F7F7F7F7F7F7F25977F7F7F7F7F7F7F7F7F7F977F7F7F7F7F7F7F7F7F7530932B7F7F7F356A7F7F35207F7F7F3797607E7F7F7F7F7F7F7F7F7F7F977F7F7F7F7F7F7F7F7F7F7F20932F2F7F7F7F3F7F7F7F777373319763737F7F7F7F7F7F7F7F7F7F977F7F7F7F7F7F7F7F7F737C93282F6F977F7F6D6A6F937F977C34202A6F7F7F7F7F7F7F7F7F7F7F977F7F7F7F7F7F7F7F7F7F372028707E7F7F7F72767E7F7F7F73312020667F7F7F7F7F7F7F7F7F7F977F7F7F7F7F7F7F7F7F7C34207E7F7F7F7F7F7F7F7F7F7F7F7F7F202068732F7F7F7F7F7F7F7F7F977F7F7F7F7F7F7F7F7F7734207F7F3F236B276B7F7F206A376F7F7D20207F7F7E7F7F7F7F7F7F7F977F7F7F7F7F7F7F7F7F7F35207F7F75206A206A7F7F3022216A7F7F34207F7F7F7F7F7F7F7F7F7F977F7F7F7F7F7F7F7F7F7F35937F977F7D30607E7F7F7D70607E937F35977F7F7F7F7F7F7F7F7F7F977F7F7F7F7F7F7F7F7F7F35937F977F7F7D7E7F7F7F7F7F7E7F937F25977F7F7F7F7F7F7F7F7F7F977F7F7F7F7F7F7F7F7F7F7D936B977F7F7F7F7F7F7F7F7F7F7F933F97707F7F7F7F7F7F7F7F7F7F977F7F7F7F7F7F7F7F7F7F3F20226F7F7F7F7F7F7F7F7F7F7F7F3F20787F7F7F7F7F7F7F7F7F7F7F977F7F7F7F7F7F7F7F7F3F21202020222B6F7F7F7F7F7F3F2F27207022237F7F7F7F7F7F7F7F7F7F977F7F7F7F7F7F7F7F7F20282323212070302020202020202020202221206B7F7F7F7F7F7F7F7F7F
100,14,m7anim,977F7F7F7F7F7F7F7F7F7F7F7F7F7F7F7F7F7F7F7F7F7F7F7F7F7F7F7F7F7F7F7F7F7F7F7F7F7F7F977F7F7F7F7F7F7F7F7F7F7F7F7F7F7F7F7F7F7F7F7F7F7F7F7F7F7F7F7F7F7F7F7F7F7F7F7F7F7F977F7F7F7F7F7F7F7F7F7F7F7F7F7F7F7F7F7F7F7F7F7F7F7F7F7F7F7F7F7F7F7F7F7F7F7F7F7F7F977F7F7F7F7F7F7F7F7F7F7F7F7F7F7F7F7F7F7F7F7F7F7F3F2F2F6F7F7F7F7F7F7F7F7F7F7F7F7F977F7F7F7F7F7F7F7F7F7F25202020222B7F7F7F7F7F7F3720933097226F7F7F7F7F7F7F7F7F7F7F977F7F7F7F7F7F7F7F7F3F937A7F7F20976A7F7F7F7F7F93603F6F7520977F7F7F7F7F7F7F7F7F7F977F7F7F7F7F7F7F7F7F93687F7D766997227F7F7F7F21937F6A7F7F75977F7F7F7F7F7F7F7F7F7F977F7F7F7F7F7F7F7F7F936A7F7F7F756D976B7F7F7F936A357F7F7F7F977F7F7F7F7F7F7F7F7F7F977F7F7F7F7F7F7F7F7F936A7F7F7F7F767430202020207A757F7F7F27977F7F7F7F7F7F7F7F7F7F977F7F7F7F7F7F7F7F7F932A7F7F7F7F7F7F7F7F7F7F7F7F7F7F7F2797687F7F7F7F7F7F7F7F7F7F977F7F7F7F7F7F7F7F7F3520936F7F7F7F356A7F7F35207F7F7F3520977F7F7F7F7F7F7F7F7F7F7F977F7F7F7F7F7F7F7F7F7F7D20937F7F7F7D7E7F7F7D7C3F2F2F25972F2F7F7F7F7F7F7F7F7F7F7F977F7F7F7F7F7F7F7F7F2F7393607C7C7F977F756B937F7F977371206A7F7F7F7F7F7F7F7F7F7F7F977F7F7F7F7F7F7F7F7F7F372028707E7F7F7F72767E7F7F7F733B2020667F7F7F7F7F7F7F7F7F7F977F7F7F7F7F7F7F7F7F7C34207E7F7F7F7F7F7F7F7F7F7F7F7F7F7D2068732F7F7F7F7F7F7F7F7F977F7F7F7F7F7F7F7F7F3F31207F7F7F3F6F3F2F7F37236B7F7F7F7F20227F7C7B7F7F7F7F7F7F7F977F7F7F7F7F7F7F7F7F7F35207F7F7F352225207F352026207F7F7F35207F7F7F7F7F7F7F7F7F7F977F7F7F7F7F7F7F7F7F7F35937F977F7D3420787F7D30207E7F937F35977F7F7F7F7F7F7F7F7F7F977F7F7F7F7F7F7F7F7F7F35937F977F7F7F7F7F7F7F7F7F7F7F937F25977F7F7F7F7F7F7F7F7F7F977F7F7F7F7F7F7F7F7F7F35937F977F7F7F7F7F7F7F7F7F7F7F933F97607F7F7F7F7F7F7F7F7F7F977F7F7F7F7F7F7F7F7F7F35207F7F7F7F7F7F7F7F7F7F7F7F7F9335976A7F7F7F7F7F7F7F7F7F7F977F7F7F7F7F7F7F7F7F7F35206B7F7F7F7F7F7F7F7F7F7F7F7F3F21207F7F7F7F7F7F7F7F7F7F7F977F7F7F7F7F7F7F7F7F3F272020222B6F7F7F7F7F7F7F7F7F2F212022237F7F7F7F7F7F7F7F7F7F977F7F7F7F7F7F7F7F3720602C2C242020202323232323232120202B24206B7F7F7F7F7F7F7F7F7F977F7F7F7F7F7F7F7F3520202060707C7F7D7C7C7C7C7C7C7C7C747020207A7F7F7F7F7F7F7F7F7F
100,15,m7anim,977F7F7F7F7F7F7F7F7F7F7F7F7F7F7F7F7F7F7F7F7F7F7F7F7F7F7F7F7F7F7F7F7F7F7F7F7F7F7F977F7F7F7F7F7F7F7F7F7F7F7F7F7F7F7F7F7F7F7F7F7F7F7F7F7F7F7F7F7F7F7F7F7F7F7F7F7F7F977F7F7F7F7F7F7F7F7F7F7F7F7F7F7F7F7F7F7F7F7F7F7F7F7F7F7F7F7F7F7F7F7F7F7F7F7F7F7F977F7F7F7F7F7F7F7F7F7F7F7F7F7F7F7F7F7F7F7F7F7F7F7F7F7F7F7F7F7F7F7F7F7F7F7F7F7F7F977F7F7F7F7F7F7F7F7F7F7F7F2F2F2F7F7F7F7F7F7F7F7F7F7F7F7F7F7F7F7F7F7F7F7F7F7F7F7F977F7F7F7F7F7F7F7F7F7F3F20202020206F7F7F7F7F7F7F2F202020206F7F7F7F7F7F7F7F7F7F7F977F7F7F7F7F7F7F7F7F7F93607C7F74976A7F7F7F7F7F3793607C7C30977F7F7F7F7F7F7F7F7F7F977F7F7F7F7F7F7F7F7F93607F7F7F7F75976B7F7F7F3793787F7F7F7D976A7F7F7F7F7F7F7F7F7F977F7F7F7F7F7F7F7F7F936A7F7F7F7F7F976A7F7F7F21937F7F7F7F7F976A7F7F7F7F7F7F7F7F7F977F7F7F7F7F7F7F7F7F93226F7F7F7F7F352020202070787F7F7F7F7F976A7F7F7F7F7F7F7F7F7F977F7F7F7F7F7F7F7F7F7F932A7F7F7F7F7F7F7F7F7F7F7F7F7F7F7F7F976A7F7F7F7F7F7F7F7F7F977F7F7F7F7F7F7F7F7F7F3593227F7F7F7F7F7F7F7F7F7F7F7F7F2721977E7F7F7F7F7F7F7F7F7F977F7F7F7F7F7F7F7F7F3F2F25937F7F7F7F7F7F7F7F7F7F7F7F3597687E7F7F7F7F7F7F7F7F7F7F977F7F7F7F7F7F7F7F7F7F7F93607F7F7F7F7F7F7F7F7F7F7F977F2062736F7F7F7F7F7F7F7F7F7F977F7F7F7F7F7F7F7F7F7731206A7F7F7F7F7F7F7F7F7F7F7F7F7F34226F7F7F7F7F7F7F7F7F7F7F977F7F7F7F7F7F7F7F3F2F31607E7F7F7F937F977F7F7F7F7F7F7F3520767B7F7F7F7F7F7F7F7F7F977F7F7F7F7F7F7F737E7F217A7F7F7F937F7F977F7F7F7F7F7F7F3520227F7F7F7F7F7F7F7F7F7F977F7F7F7F7F7F7F7F7F7F206F7F7F7F937F977F7F7F7F7F7F7F7F7520207F7F7F7F7F7F7F7F7F7F977F7F7F7F7F7F7F7F7F7F937F7F977F7F7F7F7F937F7F7F7F7F7F7F976A7F7F7F7F7F7F7F7F7F7F977F7F7F7F7F7F7F7F7F7F937F7F7F7F7F7F7F7F7F7F7F7F7F7F7F3F976A7F7F7F7F7F7F7F7F7F7F977F7F7F7F7F7F7F7F7F7F936B7F7F7F7F7F7F7F7F7F7F7F7F7F7F97607E7F7F7F7F7F7F7F7F7F7F977F7F7F7F7F7F7F7F7F7F3D936F7F7F7F7F7F7F7F7F7F7F7F7F77972A7F7F7F7F7F7F7F7F7F7F7F977F7F7F7F7F7F7F7F7F7F3520932B7F7F7F7F7F7F7F7F7F7F2F212097222F7F7F7F7F7F7F7F7F7F977F7F7F7F7F7F7F7F7F7F21202E219323232323232323212020972C2C6420227F7F7F7F7F7F7F7F977F7F7F7F7F7F7F7F7F7F302060707C7C7C7C7C7C7C7C7C7F7D7470202020207F7F7F7F7F7F7F7F
100,16,m7anim,977F7F7F7F7F7F7F7F7F7F7F7F7F7F7F7F7F7F7F7F7F7F7F7F7F7F7F7F7F7F7F7F7F7F7F7F7F7F7F977F7F7F7F7F7F7F7F7F7F7F7F7F7F7F7F7F7F7F7F7F7F7F7F7F7F7F7F7F7F7F7F7F7F7F7F7F7F7F977F7F7F7F7F7F7F7F7F7F7F7F7F7F7F7F7F7F7F7F7F7F7F7F7F7F7F7F7F7F7F7F7F7F7F7F7F7F7F977F7F7F7F7F7F7F7F7F7F7F7F7F7F7F7F7F7F7F7F7F7F7F7F7F7F7F7F7F7F7F7F7F7F7F7F7F7F7F977F7F7F7F7F7F7F7F7F7F7F7F7F7F7F7F7F7F7F7F7F7F7F7F7F7F7F7F7F7F7F7F7F7F7F7F7F7F7F977F7F7F7F7F7F7F7F7F7F7F7F7F7F7F7F7F7F7F7F7F7F7F7F7F7F7F7F7F7F7F7F7F7F7F7F7F7F7F977F7F7F7F7F7F7F7F7F7F7F7F7F7F7F7F7F7F7F7F7F7F7F7F7F7F7F7F7F7F7F7F7F7F7F7F7F7F7F977F7F7F7F7F7F7F7F7F3F2320202023236F7F7F7F7F7F7F7F3F27232323232B7F7F7F7F7F7F7F7F977F7F7F7F7F7F7F7F7F93607C7F7D74972A23232323232B239360707C7C74976A7F7F7F7F7F7F7F977F7F7F7F7F7F7F7F35937A7F7F7F7F7D74707C7C7C7470707C7F7F7F7F7F976A7F7F7F7F7F7F7F977F7F7F7F7F7F7F7F35936F7F7F7F7F7F7F7F7F7F7F7F7F7F7F7F7F7F7F7F976A7F7F7F7F7F7F7F977F7F7F7F7F7F7F7F7D936A7F7F7F7F7F7F7F7F7F7F7F7F7F7F7F7F7F7F7F976A7F7F7F7F7F7F7F977F7F7F7F7F7F7F7F7F7493232F7F7F7F7F7F7F7F7F7F7F7F7F7F7F7F7F2F976A7F7F7F7F7F7F7F977F7F7F7F7F7F7F7F7F7F7D7020937F7F7F7F7F7F7F7F7F7F7F7F7F372397707E7F7F7F7F7F7F7F977F7F7F7F7F7F7F7F7F2F673320937F7F7F7F7F7F7F7F7F7F7F7F7F35972E2F7F7F7F7F7F7F7F7F977F7F7F7F7F7F7F7F7F7C3E25207E7F7F7F7F7F7F7F7F7F7F7F7F7F35202C7C7B7F7F7F7F7F7F7F977F7F7F7F7F7F7F7F77796421207F7F7F7F7F937F977F7F7F7F7F7F7520392C767B7F7F7F7F7F7F977F7F7F7F7F7F7F7F7F7534206A7F7F7F7F7F937F977F7F7F7F7F7F7F206B7D3E6F7F7F7F7F7F7F977F7F7F7F7F7F7F7F7F7F937A7F7F977F7F7F937F977F7F7F7F7F7F7F346A7F7F7F7F7F7F7F7F7F977F7F7F7F7F7F7F7F7F7F936F7F7F7F977F7F937F977F7F7F7F7F937F976A7F7F7F7F7F7F7F7F7F977F7F7F7F7F7F7F7F7F7F937E7F7F7F7F7F7F977F7F7F7F937F7F7F7F976A7F7F7F7F7F7F7F7F7F977F7F7F7F7F7F7F7F7F7F932B6F7F7F7F7F7F7F7F7F7F7F7F7F7F3720977E7F7F7F7F7F7F7F7F7F977F7F7F7F7F7F7F7F2721203093232B2F2F7F7F7F7F7F7F7F7F27976020226B7F7F7F7F7F7F7F7F977F7F7F7F7F7F7F7F20683E2720207070302020932223232321972C2F2F20206B7F7F7F7F7F7F7F977F7F7F7F7F7F7F7F30202070787E7F7F7F7F7F7D7C7C7C7C747070707020207A7F7F7F7F7F7F7F
100,17,m7anim,977F7F7F7F7F7F7F7F7F7F7F7F7F7F7F7F7F7F7F7F7F7F7F7F7F7F7F7F7F7F7F7F7F7F7F7F7F7F7F977F7F7F7F7F7F7F7F7F7F7F7F7F7F7F7F7F7F7F7F7F7F7F7F7F7F7F7F7F7F7F7F7F7F7F7F7F7F7F977F7F7F7F7F7F7F7F7F7F7F7F7F7F7F7F7F7F7F7F7F7F7F7F7F7F7F7F7F7F7F7F7F7F7F7F7F7F7F977F7F7F7F7F7F7F7F7F7F7F7F7F7F7F7F7F7F7F7F7F7F7F7F7F7F7F7F7F7F7F7F7F7F7F7F7F7F7F977F7F7F7F7F7F7F7F7F7F372323232B6F7F7F7F7F7F7F3F212020222B7F7F7F7F7F7F7F7F7F7F7F977F7F7F7F7F7F7F7F7F7F9360707020976F7F7F7F7F7F2593707530972A7F7F7F7F7F7F7F7F7F7F977F7F7F7F7F7F7F7F7F93607F7F7F74972A7F7F7F7F27937E7F7F7F34977F7F7F7F7F7F7F7F7F7F977F7F7F7F7F7F7F7F7F936A7F7F7F7F75976F7F7F7F93687F7F7F7F7F977F7F7F7F7F7F7F7F7F7F977F7F7F7F7F7F7F7F7F936A7F7F7F7F7F9722232323936A7F7F7F7F3F977F7F7F7F7F7F7F7F7F7F977F7F7F7F7F7F7F7F7F936A7F7F7F7F7F7F7D7C7C7C7C7F7F7F7F3F97607F7F7F7F7F7F7F7F7F7F977F7F7F7F7F7F7F7F7F30932F7F7F7F7F7F7F7F7F7F7F7F7F7F3F20977A7F7F7F7F7F7F7F7F7F7F977F7F7F7F7F7F7F7F7F7D7493227F7F7F7F7F7F7F7F7F7F7F7F35977C7F7F7F7F7F7F7F7F7F7F7F977F7F7F7F7F7F7F7F7F7F2F20937F7F7F7F7F7F7F7F7F7F7F7F3597687C7F7F7F7F7F7F7F7F7F7F977F7F7F7F7F7F7F7F7F7C3F207A7F7F7F7F7F7F7F7F7F7F7F7F7F20223B7F7F7F7F7F7F7F7F7F7F977F7F7F7F7F7F7F7F7F7331207F7F7F7F7F7F7F937F977F7F7F7F7420622F7F7F7F7F7F7F7F7F7F977F7F7F7F7F7F7F7F7F7F25207F7F7F7F7F7F937F977F7F7F7F7F7F202A7C736F7F7F7F7F7F7F7F977F7F7F7F7F7F7F7F7F7D35207F7F7F7F7F7F937F7F977F7F7F7F7F35207F7F7F7F7F7F7F7F7F7F977F7F7F7F7F7F7F7F7F7F7F936A7F977F7F7F7F937F977F7F7F7F937D977F7F7F7F7F7F7F7F7F7F977F7F7F7F7F7F7F7F7F7F7F936A7F7F7F977F7F7F7F7F7F7F937F7F7F976A7F7F7F7F7F7F7F7F7F977F7F7F7F7F7F7F7F7F7F7F936A7F7F7F7F7F7F7F7F7F7F7F7F7F7F7F976A7F7F7F7F7F7F7F7F7F977F7F7F7F7F7F7F7F7F7F7F93226F7F7F7F7F7F7F7F7F7F7F7F7F7F7F976A7F7F7F7F7F7F7F7F7F977F7F7F7F7F7F7F7F7F7F7F7F932A7F7F7F7F7F7F7F7F7F7F7F7F3F23977F7F7F7F7F7F7F7F7F7F977F7F7F7F7F7F7F7F7F7F3F2193226F7F7F7F7F7F7F7F7F7F7F2F9730207F7F7F7F7F7F7F7F7F7F977F7F7F7F7F7F7F7F3F21207070309322232F2F2F2F2F2F2720976E3F206F7F7F7F7F7F7F7F7F7F977F7F7F7F7F7F7F7F352022202020707C747070707070707070302020206A7F7F7F7F7F7F7F7F7F
100,18,m7anim,977F7F7F7F7F7F7F7F7F7F7F7F7F7F7F7F7F7F7F7F7F7F7F7F7F7F7F7F7F7F7F7F7F7F7F7F7F7F7F977F7F7F7F7F7F7F7F7F7F7F7F7F7F7F7F7F7F7F7F7F7F7F7F7F7F7F7F7F7F7F7F7F7F7F7F7F7F7F977F7F7F7F7F7F7F7F7F7F7F7F7F7F7F7F7F7F7F7F7F7F7F7F7F7F7F7F7F7F7F7F7F7F7F7F7F7F7F977F7F7F7F7F7F7F7F7F7F7F7F7F7F7F7F7F7F7F7F7F7F7F7F7F7F7F7F7F7F7F7F7F7F7F7F7F7F7F977F7F7F7F7F7F7F7F7F7F7F7F2F2F2F7F7F7F7F7F7F7F7F7F7F7F7F7F7F7F7F7F7F7F7F7F7F7F7F977F7F7F7F7F7F7F7F7F7F3F20202020206F7F7F7F7F7F7F2F202020206F7F7F7F7F7F7F7F7F7F7F977F7F7F7F7F7F7F7F7F7F93607C7F74976A7F7F7F7F7F3793607C7C30977F7F7F7F7F7F7F7F7F7F977F7F7F7F7F7F7F7F7F93607F7F7F7F75976B7F7F7F3793787F7F7F7D976A7F7F7F7F7F7F7F7F7F977F7F7F7F7F7F7F7F7F936A7F7F7F7F7F976A7F7F7F21937F7F7F7F7F976A7F7F7F7F7F7F7F7F7F977F7F7F7F7F7F7F7F7F93226F7F7F7F7F352020202070787F7F7F7F7F976A7F7F7F7F7F7F7F7F7F977F7F7F7F7F7F7F7F7F7F932A7F7F7F7F7F7F7F7F7F7F7F7F7F7F7F7F976A7F7F7F7F7F7F7F7F7F977F7F7F7F7F7F7F7F7F7F3593227F7F7F7F7F7F7F7F7F7F7F7F7F2721977E7F7F7F7F7F7F7F7F7F977F7F7F7F7F7F7F7F7F3F2F25937F7F7F7F7F7F7F7F7F7F7F7F3597687E7F7F7F7F7F7F7F7F7F7F977F7F7F7F7F7F7F7F7F7F7F93607F7F7F7F7F7F7F7F7F7F7F977F2062736F7F7F7F7F7F7F7F7F7F977F7F7F7F7F7F7F7F7F7731206A7F7F7F7F7F7F7F7F7F7F7F7F7F34226F7F7F7F7F7F7F7F7F7F7F977F7F7F7F7F7F7F7F3F2F31607E7F7F7F937F977F7F7F7F7F7F7F3520767B7F7F7F7F7F7F7F7F7F977F7F7F7F7F7F7F737E7F217A7F7F7F937F7F977F7F7F7F7F7F7F3520227F7F7F7F7F7F7F7F7F7F977F7F7F7F7F7F7F7F7F7F206F7F7F7F937F977F7F7F7F7F7F7F7F7520207F7F7F7F7F7F7F7F7F7F977F7F7F7F7F7F7F7F7F7F937F7F977F7F7F7F7F937F7F7F7F7F7F7F976A7F7F7F7F7F7F7F7F7F7F977F7F7F7F7F7F7F7F7F7F937F7F7F7F7F7F7F7F7F7F7F7F7F7F7F3F976A7F7F7F7F7F7F7F7F7F7F977F7F7F7F7F7F7F7F7F7F936B7F7F7F7F7F7F7F7F7F7F7F7F7F7F97607E7F7F7F7F7F7F7F7F7F7F977F7F7F7F7F7F7F7F7F7F3D936F7F7F7F7F7F7F7F7F7F7F7F7F77972A7F7F7F7F7F7F7F7F7F7F7F977F7F7F7F7F7F7F7F7F7F3520932B7F7F7F7F7F7F7F7F7F7F2F212097222F7F7F7F7F7F7F7F7F7F977F7F7F7F7F7F7F7F7F7F21202E219323232323232323212020972C2C6420227F7F7F7F7F7F7F7F977F7F7F7F7F7F7F7F7F7F302060707C7C7C7C7C7C7C7C7C7F7D7470202020207F7F7F7F7F7F7F7F
100,19,m7anim,977F7F7F7F7F7F7F7F7F7F7F7F7F7F7F7F7F7F7F7F7F7F7F7F7F7F7F7F7F7F7F7F7F7F7F7F7F7F7F977F7F7F7F7F7F7F7F7F7F7F7F7F7F7F7F7F7F7F7F7F7F7F7F7F7F7F7F7F7F7F7F7F7F7F7F7F7F7F977F7F7F7F7F7F7F7F7F7F7F7F7F7F7F7F7F7F7F7F7F7F7F7F7F7F7F7F7F7F7F7F7F7F7F7F7F7F7F977F7F7F7F7F7F7F7F7F7F7F7F7F7F7F7F7F7F7F7F7F7F7F7F7F7F7F7F7F7F7F7F7F7F7F7F7F7F7F977F7F7F7F7F7F7F7F7F7F7F7F7F7F7F7F7F7F7F7F7F7F7F7F7F7F7F7F7F7F7F7F7F7F7F7F7F7F7F977F7F7F7F7F7F7F7F7F7F7F7F7F7F7F7F7F7F7F7F7F7F7F7F7F7F7F7F7F7F7F7F7F7F7F7F7F7F7F977F7F7F7F7F7F7F7F7F7F7F7F7F7F7F7F7F7F7F7F7F7F7F7F7F7F7F7F7F7F7F7F7F7F7F7F7F7F7F977F7F7F7F7F7F7F7F7F3F2320202023236F7F7F7F7F7F7F7F3F27232323232B7F7F7F7F7F7F7F7F977F7F7F7F7F7F7F7F7F93607C7F7D74972A23232323232B239360707C7C74976A7F7F7F7F7F7F7F977F7F7F7F7F7F7F7F35937A7F7F7F7F7D74707C7C7C7470707C7F7F7F7F7F976A7F7F7F7F7F7F7F977F7F7F7F7F7F7F7F35936F7F7F7F7F7F7F7F7F7F7F7F7F7F7F7F7F7F7F7F976A7F7F7F7F7F7F7F977F7F7F7F7F7F7F7F7D936A7F7F7F7F7F7F7F7F7F7F7F7F7F7F7F7F7F7F7F976A7F7F7F7F7F7F7F977F7F7F7F7F7F7F7F7F7493232F7F7F7F7F7F7F7F7F7F7F7F7F7F7F7F7F2F976A7F7F7F7F7F7F7F977F7F7F7F7F7F7F7F7F7F7D7020937F7F7F7F7F7F7F7F7F7F7F7F7F372397707E7F7F7F7F7F7F7F977F7F7F7F7F7F7F7F7F2F673320937F7F7F7F7F7F7F7F7F7F7F7F7F35972E2F7F7F7F7F7F7F7F7F977F7F7F7F7F7F7F7F7F7C3E25207E7F7F7F7F7F7F7F7F7F7F7F7F7F35202C7C7B7F7F7F7F7F7F7F977F7F7F7F7F7F7F7F77796421207F7F7F7F7F937F977F7F7F7F7F7F7520392C767B7F7F7F7F7F7F977F7F7F7F7F7F7F7F7F7534206A7F7F7F7F7F937F977F7F7F7F7F7F7F206B7D3E6F7F7F7F7F7F7F977F7F7F7F7F7F7F7F7F7F937A7F7F977F7F7F937F977F7F7F7F7F7F7F346A7F7F7F7F7F7F7F7F7F977F7F7F7F7F7F7F7F7F7F936F7F7F7F977F7F937F977F7F7F7F7F937F976A7F7F7F7F7F7F7F7F7F977F7F7F7F7F7F7F7F7F7F937E7F7F7F7F7F7F977F7F7F7F937F7F7F7F976A7F7F7F7F7F7F7F7F7F977F7F7F7F7F7F7F7F7F7F932B6F7F7F7F7F7F7F7F7F7F7F7F7F7F3720977E7F7F7F7F7F7F7F7F7F977F7F7F7F7F7F7F7F2721203093232B2F2F7F7F7F7F7F7F7F7F27976020226B7F7F7F7F7F7F7F7F977F7F7F7F7F7F7F7F20683E2720207070302020932223232321972C2F2F20206B7F7F7F7F7F7F7F977F7F7F7F7F7F7F7F30202070787E7F7F7F7F7F7D7C7C7C7C747070707020207A7F7F7F7F7F7F7F
100,20,m7anim,977F7F7F7F7F7F7F7F7F7F7F7F7F7F7F7F7F7F7F7F7F7F7F7F7F7F7F7F7F7F7F7F7F7F7F7F7F7F7F977F7F7F7F7F7F7F7F7F7F7F7F7F7F7F7F7F7F7F7F7F7F7F7F7F7F7F7F7F7F7F7F7F7F7F7F7F7F7F977F7F7F7F7F7F7F7F7F7F7F7F7F7F7F7F7F7F7F7F7F7F7F7F7F7F7F7F7F7F7F7F7F7F7F7F7F7F7F977F7F7F7F7F7F7F7F7F7F7F7F7F7F7F7F7F7F7F7F7F7F7F7F7F7F7F7F7F7F7F7F7F7F7F7F7F7F7F977F7F7F7F7F7F7F7F7F7F372323232B6F7F7F7F7F7F7F3F212020222B7F7F7F7F7F7F7F7F7F7F7F977F7F7F7F7F7F7F7F7F7F9360707020976F7F7F7F7F7F2593707530972A7F7F7F7F7F7F7F7F7F7F977F7F7F7F7F7F7F7F7F93607F7F7F74972A7F7F7F7F27937E7F7F7F34977F7F7F7F7F7F7F7F7F7F977F7F7F7F7F7F7F7F7F936A7F7F7F7F75976F7F7F7F93687F7F7F7F7F977F7F7F7F7F7F7F7F7F7F977F7F7F7F7F7F7F7F7F936A7F7F7F7F7F9722232323936A7F7F7F7F3F977F7F7F7F7F7F7F7F7F7F977F7F7F7F7F7F7F7F7F936A7F7F7F7F7F7F7D7C7C7C7C7F7F7F7F3F97607F7F7F7F7F7F7F7F7F7F977F7F7F7F7F7F7F7F7F30932F7F7F7F7F7F7F7F7F7F7F7F7F7F3F20977A7F7F7F7F7F7F7F7F7F7F977F7F7F7F7F7F7F7F7F7D7493227F7F7F7F7F7F7F7F7F7F7F7F35977C7F7F7F7F7F7F7F7F7F7F7F977F7F7F7F7F7F7F7F7F7F2F20937F7F7F7F7F7F7F7F7F7F7F7F3597687C7F7F7F7F7F7F7F7F7F7F977F7F7F7F7F7F7F7F7F7C3F207A7F7F7F7F7F7F7F7F7F7F7F7F7F20223B7F7F7F7F7F7F7F7F7F7F977F7F7F7F7F7F7F7F7F7331207F7F7F7F7F7F7F937F977F7F7F7F7420622F7F7F7F7F7F7F7F7F7F977F7F7F7F7F7F7F7F7F7F25207F7F7F7F7F7F937F977F7F7F7F7F7F202A7C736F7F7F7F7F7F7F7F977F7F7F7F7F7F7F7F7F7D35207F7F7F7F7F7F937F7F977F7F7F7F7F35207F7F7F7F7F7F7F7F7F7F977F7F7F7F7F7F7F7F7F7F7F936A7F977F7F7F7F937F977F7F7F7F937D977F7F7F7F7F7F7F7F7F7F977F7F7F7F7F7F7F7F7F7F7F936A7F7F7F977F7F7F7F7F7F7F937F7F7F976A7F7F7F7F7F7F7F7F7F977F7F7F7F7F7F7F7F7F7F7F936A7F7F7F7F7F7F7F7F7F7F7F7F7F7F7F976A7F7F7F7F7F7F7F7F7F977F7F7F7F7F7F7F7F7F7F7F93226F7F7F7F7F7F7F7F7F7F7F7F7F7F7F976A7F7F7F7F7F7F7F7F7F977F7F7F7F7F7F7F7F7F7F7F7F932A7F7F7F7F7F7F7F7F7F7F7F7F3F23977F7F7F7F7F7F7F7F7F7F977F7F7F7F7F7F7F7F7F7F3F2193226F7F7F7F7F7F7F7F7F7F7F2F9730207F7F7F7F7F7F7F7F7F7F977F7F7F7F7F7F7F7F3F21207070309322232F2F2F2F2F2F2720976E3F206F7F7F7F7F7F7F7F7F7F977F7F7F7F7F7F7F7F352022202020707C747070707070707070302020206A7F7F7F7F7F7F7F7F7F
100,21,m7anim,977F7F7F7F7F7F7F7F7F7F7F7F7F7F7F7F7F7F7F7F7F7F7F7F7F7F7F7F7F7F7F7F7F7F7F7F7F7F7F977F7F7F7F7F7F7F7F7F7F7F7F7F7F7F7F7F7F7F7F7F7F7F7F7F7F7F7F7F7F7F7F7F7F7F7F7F7F7F977F7F7F7F7F7F7F7F7F7F7F7F7F7F7F7F7F7F7F7F7F7F7F7F7F7F7F7F7F7F7F7F7F7F7F7F7F7F7F977F7F7F7F7F7F7F7F7F7F7F7F7F7F7F7F7F7F7F7F7F7F7F7F7F7F7F7F7F7F7F7F7F7F7F7F7F7F7F977F7F7F7F7F7F7F7F7F7F7F7F2F2F2F7F7F7F7F7F7F7F7F7F7F7F7F7F7F7F7F7F7F7F7F7F7F7F7F977F7F7F7F7F7F7F7F7F7F3F20202020206F7F7F7F7F7F7F2F202020206F7F7F7F7F7F7F7F7F7F7F977F7F7F7F7F7F7F7F7F7F93607C7F74976A7F7F7F7F7F3793607C7C30977F7F7F7F7F7F7F7F7F7F977F7F7F7F7F7F7F7F7F93607F7F7F7F75976B7F7F7F3793787F7F7F7D976A7F7F7F7F7F7F7F7F7F977F7F7F7F7F7F7F7F7F936A7F7F7F7F7F976A7F7F7F21937F7F7F7F7F976A7F7F7F7F7F7F7F7F7F977F7F7F7F7F7F7F7F7F93226F7F7F7F7F352020202070787F7F7F7F7F976A7F7F7F7F7F7F7F7F7F977F7F7F7F7F7F7F7F7F7F932A7F7F7F7F7F7F7F7F7F7F7F7F7F7F7F7F976A7F7F7F7F7F7F7F7F7F977F7F7F7F7F7F7F7F7F7F3593227F7F7F7F7F7F7F7F7F7F7F7F7F2721977E7F7F7F7F7F7F7F7F7F977F7F7F7F7F7F7F7F7F3F2F25937F7F7F7F7F7F7F7F7F7F7F7F3597687E7F7F7F7F7F7F7F7F7F7F977F7F7F7F7F7F7F7F7F7F7F93607F7F7F7F7F7F7F7F7F7F7F977F2062736F7F7F7F7F7F7F7F7F7F977F7F7F7F7F7F7F7F7F7731206A7F7F7F7F7F7F7F7F7F7F7F7F7F34226F7F7F7F7F7F7F7F7F7F7F977F7F7F7F7F7F7F7F3F2F31607E7F7F7F937F977F7F7F7F7F7F7F3520767B7F7F7F7F7F7F7F7F7F977F7F7F7F7F7F7F737E7F217A7F7F7F937F7F977F7F7F7F7F7F7F3520227F7F7F7F7F7F7F7F7F7F977F7F7F7F7F7F7F7F7F7F206F7F7F7F937F977F7F7F7F7F7F7F7F7520207F7F7F7F7F7F7F7F7F7F977F7F7F7F7F7F7F7F7F7F937F7F977F7F7F7F7F937F7F7F7F7F7F7F976A7F7F7F7F7F7F7F7F7F7F977F7F7F7F7F7F7F7F7F7F937F7F7F7F7F7F7F7F7F7F7F7F7F7F7F3F976A7F7F7F7F7F7F7F7F7F7F977F7F7F7F7F7F7F7F7F7F936B7F7F7F7F7F7F7F7F7F7F7F7F7F7F97607E7F7F7F7F7F7F7F7F7F7F977F7F7F7F7F7F7F7F7F7F3D936F7F7F7F7F7F7F7F7F7F7F7F7F77972A7F7F7F7F7F7F7F7F7F7F7F977F7F7F7F7F7F7F7F7F7F3520932B7F7F7F7F7F7F7F7F7F7F2F212097222F7F7F7F7F7F7F7F7F7F977F7F7F7F7F7F7F7F7F7F21202E219323232323232323212020972C2C6420227F7F7F7F7F7F7F7F977F7F7F7F7F7F7F7F7F7F302060707C7C7C7C7C7C7C7C7C7F7D7470202020207F7F7F7F7F7F7F7F
100,22,m7anim,977F7F7F7F7F7F7F7F7F7F7F7F7F7F7F7F7F7F7F7F7F7F7F7F7F7F7F7F7F7F7F7F7F7F7F7F7F7F7F977F7F7F7F7F7F7F7F7F7F7F7F7F7F7F7F7F7F7F7F7F7F7F7F7F7F7F7F7F7F7F7F7F7F7F7F7F7F7F977F7F7F7F7F7F7F7F7F7F7F7F7F7F7F7F7F7F7F7F7F7F7F7F7F7F7F7F7F7F7F7F7F7F7F7F7F7F7F977F7F7F7F7F7F7F7F7F7F7F7F7F7F7F7F7F7F7F7F7F7F7F7F7F7F7F7F7F7F7F7F7F7F7F7F7F7F7F977F7F7F7F7F7F7F7F7F7F7F7F7F7F7F7F7F7F7F7F7F7F7F7F7F7F7F7F7F7F7F7F7F7F7F7F7F7F7F977F7F7F7F7F7F7F7F7F7F7F7F7F7F7F7F7F7F7F7F7F7F7F7F7F7F7F7F7F7F7F7F7F7F7F7F7F7F7F977F7F7F7F7F7F7F7F7F7F7F7F7F7F7F7F7F7F7F7F7F7F7F7F7F7F7F7F7F7F7F7F7F7F7F7F7F7F7F977F7F7F7F7F7F7F7F7F3F2320202023236F7F7F7F7F7F7F7F3F27232323232B7F7F7F7F7F7F7F7F977F7F7F7F7F7F7F7F7F93607C7F7D74972A23232323232B239360707C7C74976A7F7F7F7F7F7F7F977F7F7F7F7F7F7F7F35937A7F7F7F7F7D74707C7C7C7470707C7F7F7F7F7F976A7F7F7F7F7F7F7F977F7F7F7F7F7F7F7F35936F7F7F7F7F7F7F7F7F7F7F7F7F7F7F7F7F7F7F7F976A7F7F7F7F7F7F7F977F7F7F7F7F7F7F7F7D936A7F7F7F7F7F7F7F7F7F7F7F7F7F7F7F7F7F7F7F976A7F7F7F7F7F7F7F977F7F7F7F7F7F7F7F7F7493232F7F7F7F7F7F7F7F7F7F7F7F7F7F7F7F7F2F976A7F7F7F7F7F7F7F977F7F7F7F7F7F7F7F7F7F7D7020937F7F7F7F7F7F7F7F7F7F7F7F7F372397707E7F7F7F7F7F7F7F977F7F7F7F7F7F7F7F7F2F673320937F7F7F7F7F7F7F7F7F7F7F7F7F35972E2F7F7F7F7F7F7F7F7F977F7F7F7F7F7F7F7F7F7C3E25207E7F7F7F7F7F7F7F7F7F7F7F7F7F35202C7C7B7F7F7F7F7F7F7F977F7F7F7F7F7F7F7F77796421207F7F7F7F7F937F977F7F7F7F7F7F7520392C767B7F7F7F7F7F7F977F7F7F7F7F7F7F7F7F7534206A7F7F7F7F7F937F977F7F7F7F7F7F7F206B7D3E6F7F7F7F7F7F7F977F7F7F7F7F7F7F7F7F7F937A7F7F977F7F7F937F977F7F7F7F7F7F7F346A7F7F7F7F7F7F7F7F7F977F7F7F7F7F7F7F7F7F7F936F7F7F7F977F7F937F977F7F7F7F7F937F976A7F7F7F7F7F7F7F7F7F977F7F7F7F7F7F7F7F7F7F937E7F7F7F7F7F7F977F7F7F7F937F7F7F7F976A7F7F7F7F7F7F7F7F7F977F7F7F7F7F7F7F7F7F7F932B6F7F7F7F7F7F7F7F7F7F7F7F7F7F3720977E7F7F7F7F7F7F7F7F7F977F7F7F7F7F7F7F7F2721203093232B2F2F7F7F7F7F7F7F7F7F27976020226B7F7F7F7F7F7F7F7F977F7F7F7F7F7F7F7F20683E2720207070302020932223232321972C2F2F20206B7F7F7F7F7F7F7F977F7F7F7F7F7F7F7F30202070787E7F7F7F7F7F7D7C7C7C7C747070707020207A7F7F7F7F7F7F7F
100,23,m7anim,977F7F7F7F7F7F7F7F7F7F7F7F7F7F7F7F7F7F7F7F7F7F7F7F7F7F7F7F7F7F7F7F7F7F7F7F7F7F7F977F7F7F7F7F7F7F7F7F7F7F7F7F7F7F7F7F7F7F7F7F7F7F7F7F7F7F7F7F7F7F7F7F7F7F7F7F7F7F977F7F7F7F7F7F7F7F7F7F7F7F7F7F7F7F7F7F7F7F7F7F7F7F7F7F7F7F7F7F7F7F7F7F7F7F7F7F7F977F7F7F7F7F7F7F7F7F7F7F7F7F7F7F7F7F7F7F7F7F7F7F7F7F7F7F7F7F7F7F7F7F7F7F7F7F7F7F977F7F7F7F7F7F7F7F7F7F372323232B6F7F7F7F7F7F7F3F212020222B7F7F7F7F7F7F7F7F7F7F7F977F7F7F7F7F7F7F7F7F7F9360707020976F7F7F7F7F7F2593707530972A7F7F7F7F7F7F7F7F7F7F977F7F7F7F7F7F7F7F7F93607F7F7F74972A7F7F7F7F27937E7F7F7F34977F7F7F7F7F7F7F7F7F7F977F7F7F7F7F7F7F7F7F936A7F7F7F7F75976F7F7F7F93687F7F7F7F7F977F7F7F7F7F7F7F7F7F7F977F7F7F7F7F7F7F7F7F936A7F7F7F7F7F9722232323936A7F7F7F7F3F977F7F7F7F7F7F7F7F7F7F977F7F7F7F7F7F7F7F7F936A7F7F7F7F7F7F7D7C7C7C7C7F7F7F7F3F97607F7F7F7F7F7F7F7F7F7F977F7F7F7F7F7F7F7F7F30932F7F7F7F7F7F7F7F7F7F7F7F7F7F3F20977A7F7F7F7F7F7F7F7F7F7F977F7F7F7F7F7F7F7F7F7D7493227F7F7F7F7F7F7F7F7F7F7F7F35977C7F7F7F7F7F7F7F7F7F7F7F977F7F7F7F7F7F7F7F7F7F2F20937F7F7F7F7F7F7F7F7F7F7F7F3597687C7F7F7F7F7F7F7F7F7F7F977F7F7F7F7F7F7F7F7F7C3F207A7F7F7F7F7F7F7F7F7F7F7F7F7F20223B7F7F7F7F7F7F7F7F7F7F977F7F7F7F7F7F7F7F7F7331207F7F7F7F7F7F7F937F977F7F7F7F7420622F7F7F7F7F7F7F7F7F7F977F7F7F7F7F7F7F7F7F7F25207F7F7F7F7F7F937F977F7F7F7F7F7F202A7C736F7F7F7F7F7F7F7F977F7F7F7F7F7F7F7F7F7D35207F7F7F7F7F7F937F7F977F7F7F7F7F35207F7F7F7F7F7F7F7F7F7F977F7F7F7F7F7F7F7F7F7F7F936A7F977F7F7F7F937F977F7F7F7F937D977F7F7F7F7F7F7F7F7F7F977F7F7F7F7F7F7F7F7F7F7F936A7F7F7F977F7F7F7F7F7F7F937F7F7F976A7F7F7F7F7F7F7F7F7F977F7F7F7F7F7F7F7F7F7F7F936A7F7F7F7F7F7F7F7F7F7F7F7F7F7F7F976A7F7F7F7F7F7F7F7F7F977F7F7F7F7F7F7F7F7F7F7F93226F7F7F7F7F7F7F7F7F7F7F7F7F7F7F976A7F7F7F7F7F7F7F7F7F977F7F7F7F7F7F7F7F7F7F7F7F932A7F7F7F7F7F7F7F7F7F7F7F7F3F23977F7F7F7F7F7F7F7F7F7F977F7F7F7F7F7F7F7F7F7F3F2193226F7F7F7F7F7F7F7F7F7F7F2F9730207F7F7F7F7F7F7F7F7F7F977F7F7F7F7F7F7F7F3F21207070309322232F2F2F2F2F2F2720976E3F206F7F7F7F7F7F7F7F7F7F977F7F7F7F7F7F7F7F352022202020707C747070707070707070302020206A7F7F7F7F7F7F7F7F7F
