100,1,m7anim,20202020202020202020202020202020202020202020202020202020202020202020202020202020202020202020202020202020202020202020202020202020202020202020202020202020202020202020202020202020202020202020202020202020202020202020202020202020202020202020202020202020202020202020202020202020202020202020202020202020202020202020202020202020947430202020202020202020202020202020202020202020202020202020202020202020202020209175222020202020202020202020202020202020202020202020202020202020202020202020202093252020202020202020202020202020202020202020202020202020202020202020202020202020202020202020202020202020202020202020202020202020202020202020202020202020202020209424202020202020202020202020202020202020202020202020202020202020202020202020202020202020202020202020202020202020202020202020202020202020202020202020202020202020917D742020202020202020202020202020202020202020202020202020202020202020202020202091232F202020202020202020202020202020202020202020202020202020202020202020202020202020202020202020202020202020202020202020202020202020202020202020202020202020202091752020202020202020202020202020202020202020202020202020202020202020202020202020927F7D20202020202020202020202020202020202020202020202020202020202020202020202020923F21202020202020202020202020202020202020202020202020202020202020202020202020209127202020202020202020202020202020202020202020202020202020202020202020202020202020202020202020202020202020202020202020202020202020202020202020202020202020202020202020202020202020202020202020202020202020202020202020202020202020202020202020202020202020202020202020202020202020202020202020202020202020202020202020202020202020202020202020202020202020202020202020202020202020202020202020202020202020202020922C736639732C39662C736639732C39662C736639736639662C396639736639662C39663973663992732C39662C736639732C39662C736639732C39662C396639736639662C396639736639662C3966922C736639732C39662C736639732C39662C736639736639662C396639736639662C39663973663992732C39662C736639732C39662C736639732C39662C396639736639662C396639736639662C3966
100,2,m7anim,202020202020202020202020202020202020202020202020202020202020202020202020202020202020202020202020202020202020202020202020202020202020202020202020202020202020202020202020202020202020202020202020202020202020202020202020202020202020202020202020947C7420202020202020202020202020202020202020202020202020202020202020202020202020917F9423242020202020202020202020202020202020202020202020202020202020202020202020917F7F21202020202020202020202020202020202020202020202020202020202020202020202020917F3520202020202020202020202020202020202020202020202020202020202020202020202020917F7F20202020202020202020202020202020202020202020202020202020202020202020202020917F7F20202020202020202020202020202020202020202020202020202020202020202020202020917F3F7F7C7C30202020202020202020202020202020202020202020202020202020202020202020947F2591232720202020202020202020202020202020202020202020202020202020202020202020927F2020202020202020202020202020202020202020202020202020202020202020202020202020927F7520202020202020202020202020202020202020202020202020202020202020202020202020927F7F30202020202020202020202020202020202020202020202020202020202020202020202020917F7F7D202020202020202020202020202020202020202020202020202020202020202020202020917F7F35202020202020202020202020202020202020202020202020202020202020202020202020927F3F20202020202020202020202020202020202020202020202020202020202020202020202020923F2020202020202020202020202020202020202020202020202020202020202020202020202020202020202020202020202020202020202020202020202020202020202020202020202020202020202020202020202020202020202020202020202020202020202020202020202020202020202020202020202020202020202020202020202020202020202020202020202020202020202020202020202020922C736639732C39662C736639732C39662C736639736639662C396639736639662C39663973663992732C39662C736639732C39662C736639732C39662C396639736639662C396639736639662C3966922C736639732C39662C736639732C39662C736639736639662C396639736639662C39663973663992732C39662C736639732C39662C736639732C39662C396639736639662C396639736639662C3966
100,3,m7anim,20202020202020202020202020202020202020202020202020202020202020202020202020202020202020202020202020202020202020202020202020202020202020202020202020202020202020202020202020202020202020202020202020202020202020202020202020202020202020202020202094607C7F7D7020202020202020202020202020202020202020202020202020202020202020202020946A7F7F7F302120202020202020202020202020202020202020202020202020202020202020202020942F7F3F2020202020202020202020202020202020202020202020202020202020202020202020917F7F7F7D2020202020202020202020202020202020202020202020202020202020202020202020946F937F7F3020202020202020202020202020202020202020202020202020202020202020202020947B917F7F7D74743020202020202020202020202020202020202020202020202020202020202020947F7F7F91222B6F2720202020202020202020202020202020202020202020202020202020202020946B7F7F352020202020202020202020202020202020202020202020202020202020202020202020926B7F7F7D2020202020202020202020202020202020202020202020202020202020202020202020927D3B7F917F74202020202020202020202020202020202020202020202020202020202020202020927F7F917F7F3F202020202020202020202020202020202020202020202020202020202020202020917F3F927F912520202020202020202020202020202020202020202020202020202020202020202091372120927F20202020202020202020202020202020202020202020202020202020202020202020202020927F3F20202020202020202020202020202020202020202020202020202020202020202020202020947F7570202020202020202020202020202020202020202020202020202020202020202020202020942F2F2F2020202020202020202020202020202020202020202020202020202020202020202020202020202020202020202020202020202020202020202020202020202020202020202020202020202020202020202020202020202020202020202020202020202020202020202020202020202020922C736639732C39662C736639732C39662C736639736639662C396639736639662C39663973663992732C39662C736639732C39662C736639732C39662C396639736639662C396639736639662C3966922C736639732C39662C736639732C39662C736639736639662C396639736639662C39663973663992732C39662C736639732C39662C736639732C39662C396639736639662C396639736639662C3966
100,4,m7anim,202020202020202020202020202020202020202020202020202020202020202020202020202020202020202020202020202020202020202020202020202020202020202020202020202020202020202020202020202020202020202020202020202020202020202020202020202020202020202020202020202020946070202020202020202020202020202020202020202020202020202020202020202020202020947E917F946420202020202020202020202020202020202020202020202020202020202020202020946F7F7F7F202020202020202020202020202020202020202020202020202020202020202020202094226B7F232020202020202020202020202020202020202020202020202020202020202020209160787C7F947F202020202020202020202020202020202020202020202020202020202020202020917E947F7F7F7F202020202020202020202020202020202020202020202020202020202020202020916B947F917F7F7C7070202020202020202020202020202020202020202020202020202020202020916A947F7F7F91232F3F2120202020202020202020202020202020202020202020202020202020202091227F927F202020202020202020202020202020202020202020202020202020202020202020202092603B7F917D20202020202020202020202020202020202020202020202020202020202020202020927E7F76917F742020202020202020202020202020202020202020202020202020202020202020926A7F7F916F927F3520202020202020202020202020202020202020202020202020202020202020917F7F7F9268917F2120202020202020202020202020202020202020202020202020202020202020917F37212022927F7520202020202020202020202020202020202020202020202020202020202020912320202092227F7F94602020202020202020202020202020202020202020202020202020202020202020202020926B947D7F242020202020202020202020202020202020202020202020202020202020202020202020946F2320202020202020202020202020202020202020202020202020202020202020202020202020202020202020202020202020202020202020202020202020202020202020202020922C736639732C39662C736639732C39662C736639736639662C396639736639662C39663973663992732C39662C736639732C39662C736639732C39662C396639736639662C396639736639662C3966922C736639732C39662C736639732C39662C736639736639662C396639736639662C39663973663992732C39662C736639732C39662C736639732C39662C396639736639662C396639736639662C3966
100,5,m7anim,2020202020202020202020202020202020202020202020202020202020202020202020202020202020202020202020202020202020202020202020202020202020202020202020202020202020202020202020202020202020202020202020202020202020202020202020202020202020202020202020202020202020202020202020202020202020202020202020202020202020202020202020202020202020202094607E7F7C7020202020202020202020202020202020202020202020202020202020202020202020946A7F7F7F302020202020202020202020202020202020202020202020202020202020202020202020916F932F202020202020202020202020202020202020202020202020202020202020202020209160787F943420202020202020202020202020202020202020202020202020202020202020202020917E7F7F943720202020202020202020202020202020202020202020202020202020202020202020917F7F7F937D30202020202020202020202020202020202020202020202020202020202020202020917F7F7F7F6F7F742020202020202020202020202020202020202020202020202020202020202020916F7F7F7F20232F242020202020202020202020202020202020202020202020202020202020202094227F7F7F20202020202020202020202020202020202020202020202020202020202020202020209268767F913020202020202020202020202020202020202020202020202020202020202020202020927A7F917F352020202020202020202020202020202020202020202020202020202020202020927C7E917F927F7F2020202020202020202020202020202020202020202020202020202020202020912F2F2F7F927F9131202020202020202020202020202020202020202020202020202020202020202020202020916F7F3520202020202020202020202020202020202020202020202020202020202020202020202092227F3520202020202020202020202020202020202020202020202020202020202020202020202020947F7D7C302020202020202020202020202020202020202020202020202020202020202020202020942F2F23212020202020202020202020202020202020202020202020202020202020922C736639732C39662C736639732C39662C736639736639662C396639736639662C39663973663992732C39662C736639732C39662C736639732C39662C396639736639662C396639736639662C3966922C736639732C39662C736639732C39662C736639736639662C396639736639662C39663973663992732C39662C736639732C39662C736639732C39662C396639736639662C396639736639662C3966
100,6,m7anim,20202020202020202020202020202020202020202020202020202020202020202020202020202020202020202020202020202020202020202020202020202020202020202020202020202020202020202020202020202020202020202020202020202020202020202020202020202020202020202020202020202020202020202020202020202020202020202020202020202020202020202020202020202020202020202094787F7F743020202020202020202020202020202020202020202020202020202020202020202020947F7F7F752220202020202020202020202020202020202020202020202020202020202020202020942A7F7F25202020202020202020202020202020202020202020202020202020202020202020202094607F77202020202020202020202020202020202020202020202020202020202020202020202094687F7F7F2420202020202020202020202020202020202020202020202020202020202020202020917F7F7F7F2020202020202020202020202020202020202020202020202020202020202020202020917F7F7F7F7C30202020202020202020202020202020202020202020202020202020202020202020917F7F7F376F77202020202020202020202020202020202020202020202020202020202020202020946A7F7F352020202020202020202020202020202020202020202020202020202020202020202020927C6B7F352020202020202020202020202020202020202020202020202020202020202020202020927F3A917F2020202020202020202020202020202020202020202020202020202020202020202020927A757F7F2020202020202020202020202020202020202020202020202020202020202020209270917F927F7F20202020202020202020202020202020202020202020202020202020202020946C927F3F23917F7F2020202020202020202020202020202020202020202020202020202020202094227F332020917F7F2020202020202020202020202020202020202020202020202020202020202020946B202020927F9470202020202020202020202020202020202020202020202020202020202020202020202020947F7F2F252020202020202020202020202020202020202020202020202020202020922C736639732C39662C736639732C39662C736639736639662C396639736639662C39663973663992732C39662C736639732C39662C736639732C39662C396639736639662C396639736639662C3966922C736639732C39662C736639732C39662C736639736639662C396639736639662C39663973663992732C39662C736639732C39662C736639732C39662C396639736639662C396639736639662C3966
100,7,m7anim,202020202020202020202020202020202020202020202020202020202020202020202020202020202020202020202020202020202020202020202020202020202020202020202020202020202020202020202020202020202020202020202020202020202020202020202020202020202020202020202020202020202020202020202020202020202020202020202020202020202020202020202020202020202020202020209460787C702020202020202020202020202020202020202020202020202020202020202020202020947F7F7F7F2920202020202020202020202020202020202020202020202020202020202020202020946B7F7F7F202020202020202020202020202020202020202020202020202020202020202020202094707A7F202020202020202020202020202020202020202020202020202020202020202020202094687F7F7F3420202020202020202020202020202020202020202020202020202020202020202020946A7F7F7F3520202020202020202020202020202020202020202020202020202020202020202020946A7F7F7F2120202020202020202020202020202020202020202020202020202020202020202020946A917F7F302020202020202020202020202020202020202020202020202020202020202020202094707F7F7F7520202020202020202020202020202020202020202020202020202020202020202094687A7F7F2120202020202020202020202020202020202020202020202020202020202020202020946A7F7F7F7D30202020202020202020202020202020202020202020202020202020202020202020927A7F7F917F21202020202020202020202020202020202020202020202020202020202020202020927F7F7F912320202020202020202020202020202020202020202020202020202020202020202020917F923F212020202020202020202020202020202020202020202020202020202020202020202094227F7F35202020202020202020202020202020202020202020202020202020202020202020202020926A7F35202020202020202020202020202020202020202020202020202020202020202020202020946A7F7F7F20202020202020202020202020202020202020202020202020202020202020922C736639732C39662C736639732C39662C736639736639662C396639736639662C39663973663992732C39662C736639732C39662C736639732C39662C396639736639662C396639736639662C3966922C736639732C39662C736639732C39662C736639736639662C396639736639662C39663973663992732C39662C736639732C39662C736639732C39662C396639736639662C396639736639662C3966
100,8,m7anim,2020202020202020202020202020202020202020202020202020202020202020202020202020202020202020202020202020202020202020202020202020202020202020202020202020202020202020202020202020202020202020202020202020202020202020202020202020202020202020202020202020202020202020202020202020202020202020202020202020202020202020202020202020202020202020202020209460787C702020202020202020202020202020202020202020202020202020202020202020202020947F7F7F7F2920202020202020202020202020202020202020202020202020202020202020202020946B7F7F7F202020202020202020202020202020202020202020202020202020202020202020202020917A94302020202020202020202020202020202020202020202020202020202020202020202020917E7F947D2020202020202020202020202020202020202020202020202020202020202020202091687F947F7F20202020202020202020202020202020202020202020202020202020202020202020916A947F917F70602020202020202020202020202020202020202020202020202020202020202020916A947F91376F7F2020202020202020202020202020202020202020202020202020202020202020912A927F94359123202020202020202020202020202020202020202020202020202020202020202092607F7F372020202020202020202020202020202020202020202020202020202020202020202020927E7F917520202020202020202020202020202020202020202020202020202020202020202020917E7F7F7F7F34202020202020202020202020202020202020202020202020202020202020202020927F7F917F3720202020202020202020202020202020202020202020202020202020202020202020917F7F7F7F2020202020202020202020202020202020202020202020202020202020202020202094687F7F7F372020202020202020202020202020202020202020202020202020202020202020202094687F3F7F7C20202020202020202020202020202020202020202020202020202020202020202020942A2F7F35232020202020202020202020202020202020202020202020202020202020922C736639732C39662C736639732C39662C736639736639662C396639736639662C39663973663992732C39662C736639732C39662C736639732C39662C396639736639662C396639736639662C3966922C736639732C39662C736639732C39662C736639736639662C396639736639662C39663973663992732C39662C736639732C39662C736639732C39662C396639736639662C396639736639662C3966
100,9,m7anim,2020202020202020202020202020202020202020202020202020202020202020202020202020202020202020202020202020202020202020202020202020202020202020202020202020202020202020202020202020202020202020202020202020202020202020202020202020202020202020202020202020202020202020202094707C74302020202020202020202020202020202020202020202020202020202020202020202020947F7F7F372420202020202020202020202020202020202020202020202020202020202020202020917F937F37202020202020202020202020202020202020202020202020202020202020202020209360787F7520202020202020202020202020202020202020202020202020202020202020202020917E937F7F7F742020202020202020202020202020202020202020202020202020202020202020917E2F7B947F917F7C743420202020202020202020202020202020202020202020202020202020917A37947F7F7F2091232F3F20202020202020202020202020202020202020202020202020202020917F25947F7F7F202020202020202020202020202020202020202020202020202020202020202020202094607F7F372020202020202020202020202020202020202020202020202020202020202020202020926A7F7F792020202020202020202020202020202020202020202020202020202020202020202020927E7F3F917520202020202020202020202020202020202020202020202020202020202020202020917F9277917F242020202020202020202020202020202020202020202020202020202020202020927A7F917E7F3F2020202020202020202020202020202020202020202020202020202020202020917A927F917F7F212020202020202020202020202020202020202020202020202020202020202020927F7F697F7F27202020202020202020202020202020202020202020202020202020202020202094787F376F7F35202020202020202020202020202020202020202020202020202020202020202020942F7F7420236F3420202020202020202020202020202020202020202020202020202020202020202094232D20202020202020202020202020202020202020202020202020202020202020922C736639732C39662C736639732C39662C736639736639662C396639736639662C39663973663992732C39662C736639732C39662C736639732C39662C396639736639662C396639736639662C3966922C736639732C39662C736639732C39662C736639736639662C396639736639662C39663973663992732C39662C736639732C39662C736639732C39662C396639736639662C396639736639662C3966
100,10,m7anim,202020202020202020202020202020202020202020202020202020202020202020202020202020202020202020202020202020202020202020202020202020202020202020202020202020202020202020202020202020202020202020202020202020202020202020202020202020202020202020202020202020202020202020202020947C7F7D742020202020202020202020202020202020202020202020202020202020202020202020917F7F7F942120202020202020202020202020202020202020202020202020202020202020202020942F7F3F252020202020202020202020202020202020202020202020202020202020202091607C7C7C7E7F7D2020202020202020202020202020202020202020202020202020202020202020917F232F7F7F947F7F7C706020202020202020202020202020202020202020202020202020202020917F35946A7F7F91232F6F7F7F202020202020202020202020202020202020202020202020202091222720947A7F7F352020912221202020202020202020202020202020202020202020202020202020202020917A7F7F20202020202020202020202020202020202020202020202020202020202020202020209268917F3F7420202020202020202020202020202020202020202020202020202020202020202020927E7F7F917F7D202020202020202020202020202020202020202020202020202020202020202020917F7F922E7F7F20202020202020202020202020202020202020202020202020202020202092607C7E7F7F21917F3F202020202020202020202020202020202020202020202020202020947C927F7F917F3F2392227F35202020202020202020202020202020202020202020202020202020947F922F239122212020927F35202020202020202020202020202020202020202020202020202020947F25202020202020206A7F7F3420202020202020202020202020202020202020202020202020202020202020202020202020202020202020202020202020202020202020202020202020202020202020202020202020202020202020202020202020202020202020202020202020202020202020202020202020202020202020202020202020202020202020202020202020202020202020202020922C736639732C39662C736639732C39662C736639736639662C396639736639662C39663973663992732C39662C736639732C39662C736639732C39662C396639736639662C396639736639662C3966922C736639732C39662C736639732C39662C736639736639662C396639736639662C39663973663992732C39662C736639732C39662C736639732C39662C396639736639662C396639736639662C3966
100,11,m7anim,20202020202020202020202020202020202020202020202020202020202020202020202020202020202020202020202020202020202020202020202020202020202020202020202020202020202020202020202020202020202020202020202020202020202020202020202020202020202020202020202020202020202020202020202020209460702020202020202020202020202020202020202020202020202020202020202020202020209468917F942C20202020202020202020202020202020202020202020202020202020202020202020942A7F7F7F242020202020202020202020202020202020202020202020202020202020202020202020916B932320202020202020202020202020202020202020202020202020202020202020202020917C7F7F947C302020202020202020202020202020202020202020202020202020202020202020916A7F6F947F91772020202020202020202020202020202020202020202020202020202020202020916A946A7F917F7F7D7C743020202020202020202020202020202020202020202020202020202020916A947A7F7F9122232F7F2520202020202020202020202020202020202020202020202020202020912A3F947F7F20202020202020202020202020202020202020202020202020202020202020202020209268917F3F7420202020202020202020202020202020202020202020202020202020946870202020927E7F7F917F34202020202020202020202020202020202020202020202020202020947E927F917E7C7F7F927E7F7F202020202020202020202020202020202020202020202020202020947F922B6F7F7F7F7F21917F7F21202020202020202020202020202020202020202020202020202094212020912292252320917F7F20202020202020202020202020202020202020202020202020202020202020202020202020926B7F3520202020202020202020202020202020202020202020202020202020202020202020202020927F7D7C342020202020202020202020202020202020202020202020202020202020202020202020942B27232020202020202020202020202020202020202020202020202020202020202020202020202020202020202020202020202020202020202020202020922C736639732C39662C736639732C39662C736639736639662C396639736639662C39663973663992732C39662C736639732C39662C736639732C39662C396639736639662C396639736639662C3966922C736639732C39662C736639732C39662C736639736639662C396639736639662C39663973663992732C39662C736639732C39662C736639732C39662C396639736639662C396639736639662C3966
100,12,m7anim,20202020202020202020202020202020202020202020202020202020202020202020202020202020202020202020202020202020202020202020202020202020202020202020202020202020202020202020202020202020202020202020202020202020202020202020202020202020202020202020202020202020202020202020202020202020202020202020202020202020202020202020202020202020202020202020202020202020202094607C7F7D7020202020202020202020202020202020202020202020202020202020202020202020946A7F7F7F302120202020202020202020202020202020202020202020202020202020202020202020942F7F3F202020202020202020202020202020202020202020202020202020202020202020202091607C7F7D2020202020202020202020202020202020202020202020202020202020202020202091787F7F947F30202020202020202020202020202020202020202020202020202020202020202020917F7F947F6F34202020202020202020202020202020202020202020202020202020202020202020917F947F912A7F7C7430202020202020202020202020202020202020202020202020202020202020916F947F7F91222B7F2420202020202020202020202020202020202020202020202020202020202020917F7F7F302020202020202020202020202020202020202020202020202020202020202020202020927F7F79352020202020202020202020202020202020202020202020202020202020202020202092787F7F7E7F202020202020202020202020202020202020202020202020202020202020927070917F7F7F7F7F7F202020202020202020202020202020202020202020202020202020209422927F917F2F7F2F25927F3C20202020202020202020202020202020202020202020202020202020947F912120202020926A7F3520202020202020202020202020202020202020202020202020202020942720202020202092227F3520202020202020202020202020202020202020202020202020202020202020202020202020927F9470202020202020202020202020202020202020202020202020202020202020202020202020947F3F2F20202020202020202020202020202020202020922C736639732C39662C736639732C39662C736639736639662C396639736639662C39663973663992732C39662C736639732C39662C736639732C39662C396639736639662C396639736639662C3966922C736639732C39662C736639732C39662C736639736639662C396639736639662C39663973663992732C39662C736639732C39662C736639732C39662C396639736639662C396639736639662C3966
100,13,m7anim,202020202020202020202020202020202020202020202020202020202020202020202020202020202020202020202020202020202020202020202020202020202020202020202020202020202020202020202020202020202020202020202020202020202020202020202020202020202020202020202020202020202020202020202020202020202020202020202020202020202020202020202020202020202020202020202020202020202020202094787E7F7C3020202020202020202020202020202020202020202020202020202020202020202020947F7F7F7F2220202020202020202020202020202020202020202020202020202020202020202020942A6F7F2F202020202020202020202020202020202020202020202020202020202020202020202091787E94342020202020202020202020202020202020202020202020202020202020202020202020917F7F7F7F20202020202020202020202020202020202020202020202020202020202020202020916A7F947F7F20202020202020202020202020202020202020202020202020202020202020202020916A947F917F302020202020202020202020202020202020202020202020202020202020202020209122947F913F7D30202020202020202020202020202020202020202020202020202020202020202094287F7F7F912320202020202020202020202020202020202020202020202020202020202020202020927F7F7F202020202020202020202020202020202020202020202020202020202020202020202020942A7F7F35202020202020202020202020202020202020202020202020202020202020202020209270787F7F35202020202020202020202020202020202020202020202020202020202020209470707D7F7F7F673F20202020202020202020202020202020202020202020202020202020202020947F923F912363923520202020202020202020202020202020202020202020202020202020202020947F31202092227F7D20202020202020202020202020202020202020202020202020202020202020942F20202020927F7F78302020202020202020202020202020202020202020202020202020202020202020202020943F2F27212020202020202020202020202020202020922C736639732C39662C736639732C39662C736639736639662C396639736639662C39663973663992732C39662C736639732C39662C736639732C39662C396639736639662C396639736639662C3966922C736639732C39662C736639732C39662C736639736639662C396639736639662C39663973663992732C39662C736639732C39662C736639732C39662C396639736639662C396639736639662C3966
100,14,m7anim,202020202020202020202020202020202020202020202020202020202020202020202020202020202020202020202020202020202020202020202020202020202020202020202020202020202020202020202020202020202020202020202020202020202020202020202020202020202020202020202020202020202020202020202020202020202020202020202020202020202020202020202020202020202020202020202020202020202020202020209460702020202020202020202020202020202020202020202020202020202020202020202020209468917F946420202020202020202020202020202020202020202020202020202020202020202020942A7F7F7F242020202020202020202020202020202020202020202020202020202020202020202020917B9323202020202020202020202020202020202020202020202020202020202020202020202094787F7F752020202020202020202020202020202020202020202020202020202020202020202020947F7F7F352020202020202020202020202020202020202020202020202020202020202020202020947F7F7F21202020202020202020202020202020202020202020202020202020202020202020209428917F7F202020202020202020202020202020202020202020202020202020202020202020202020917F7F7F2020202020202020202020202020202020202020202020202020202020202020202020927F917F7F2020202020202020202020202020202020202020202020202020202020202020202020927F36917F2020202020202020202020202020202020202020202020202020202020202020202020927F917B7F3520202020202020202020202020202020202020202020202020202020202020202020917F927F912520202020202020202020202020202020202020202020202020202020202020202020913F7A7F21202020202020202020202020202020202020202020202020202020202020202020202092799121202020202020202020202020202020202020202020202020202020202020202020202020947F7F30202020202020202020202020202020202020202020202020202020202020202020202020947F7F7F7D20202020202020202020202020202020202020922C736639732C39662C736639732C39662C736639736639662C396639736639662C39663973663992732C39662C736639732C39662C736639732C39662C396639736639662C396639736639662C3966922C736639732C39662C736639732C39662C736639736639662C396639736639662C39663973663992732C39662C736639732C39662C736639732C39662C396639736639662C396639736639662C3966
100,15,m7anim,20202020202020202020202020202020202020202020202020202020202020202020202020202020202020202020202020202020202020202020202020202020202020202020202020202020202020202020202020202020202020202020202020202020202020202020202020202020202020202020202020202020202020202020202020202020202020202020202020202020202020202020202020202020202020202020202020202020202020202020202094787C702020202020202020202020202020202020202020202020202020202020202020202020946A7F7F7F292020202020202020202020202020202020202020202020202020202020202020202094227F7F7F212020202020202020202020202020202020202020202020202020202020202020202020917A7F202020202020202020202020202020202020202020202020202020202020202020202020917E7F947520202020202020202020202020202020202020202020202020202020202020202020917E7F7F943520202020202020202020202020202020202020202020202020202020202020202020917F7F7F7F7D30202020202020202020202020202020202020202020202020202020202020202020917F7F7F3F2F6F302020202020202020202020202020202020202020202020202020202020202020916F927F7D30202020202020202020202020202020202020202020202020202020202020202020202091337F7F7D20202020202020202020202020202020202020202020202020202020202020202020926A7F3A917F75202020202020202020202020202020202020202020202020202020202020202020926A7F777E7F91212020202020202020202020202020202020202020202020202020202020202020917A7F7E927F24202020202020202020202020202020202020202020202020202020202020202020926F7D7F372020202020202020202020202020202020202020202020202020202020202020202020927E7F7F252020202020202020202020202020202020202020202020202020202020202020202020947F7F77302020202020202020202020202020202020202020202020202020202020202020202020942B2F7F352020202020202020202020202020202020922C736639732C39662C736639732C39662C736639736639662C396639736639662C39663973663992732C39662C736639732C39662C736639732C39662C396639736639662C396639736639662C3966922C736639732C39662C736639732C39662C736639736639662C396639736639662C39663973663992732C39662C736639732C39662C736639732C39662C396639736639662C396639736639662C3966
100,16,m7anim,20202020202020202020202020202020202020202020202020202020202020202020202020202020202020202020202020202020202020202020202020202020202020202020202020202020202020202020202020202020202020202020202020202020202020202020202020202020202020202020202020202020202020202020202020202020202020202094607C74302020202020202020202020202020202020202020202020202020202020202020202020947F7F7F372120202020202020202020202020202020202020202020202020202020202020202020916B937F37202020202020202020202020202020202020202020202020202020202020202020209170787F3520202020202020202020202020202020202020202020202020202020202020202020917A7F7F7F9430202020202020202020202020202020202020202020202020202020202020202091687F6B7F7F7F352020202020202020202020202020202020202020202020202020202020202020917E946A7F913F6F7D7D342020202020202020202020202020202020202020202020202020202020912F946E7F7F3591222B2120202020202020202020202020202020202020202020202020202020202020926A7F7F35202020202020202020202020202020202020202020202020202020202020202020202092787B7F752020202020202020202020202020202020202020202020202020202020202020202020927F3F917F7520202020202020202020202020202020202020202020202020202020202020202092707F916A7F7F3420202020202020202020202020202020202020202020202020202020202020917A7F7F37927F7F2020202020202020202020202020202020202020202020202020202020202020927F7F376A7F3F252020202020202020202020202020202020202020202020202020202020202020927F7F20917F252020202020202020202020202020202020202020202020202020202020202020947A7F3F927F2120202020202020202020202020202020202020202020202020202020202020202094222F6F7F7D302020202020202020202020202020202020202020202020202020202020202020202020202094222520202020202020202020202020202020922C736639732C39662C736639732C39662C736639736639662C396639736639662C39663973663992732C39662C736639732C39662C736639732C39662C396639736639662C396639736639662C3966922C736639732C39662C736639732C39662C736639736639662C396639736639662C39663973663992732C39662C736639732C39662C736639732C39662C396639736639662C396639736639662C3966
100,17,m7anim,202020202020202020202020202020202020202020202020202020202020202020202020202020202020202020202020202020202020202020202020202020202020202020202020202020202020202020202020202020202020202020202020202020202020202020202020202020202020202020202020202020202020202020202020202020202020202020202094787F7D743020202020202020202020202020202020202020202020202020202020202020202020917F7F7F752020202020202020202020202020202020202020202020202020202020202020202020942A7F3F25202020202020202020202020202020202020202020202020202020202020202091607A7F7F7F7D202020202020202020202020202020202020202020202020202020202020202020917E3F947F7F7F752020202020202020202020202020202020202020202020202020202020202091783F9462917F7F7F74783020202020202020202020202020202020202020202020202020202020912F27946B7F7F35912B2F372020202020202020202020202020202020202020202020202020202020202094227F7F35202020202020202020202020202020202020202020202020202020202020202020202094227F7F7D3020202020202020202020202020202020202020202020202020202020202020202020927A3E7F917F752020202020202020202020202020202020202020202020202020202020202020926A7F7F916B923F20202020202020202020202020202020202020202020202020202020202020917C7F7F9221917F352020202020202020202020202020202020202020202020202020209460927E917F3F9221916A9235202020202020202020202020202020202020202020202020202020946A923F2721202020206A7F2520202020202020202020202020202020202020202020202020202020947F202020202020206A7F70202020202020202020202020202020202020202020202020202020209423202020202020202A2F2F25202020202020202020202020202020202020202020202020202020202020202020202020202020202020202020202020202020202020202020202020202020202020202020202020202020202020202020202020202020202020922C736639732C39662C736639732C39662C736639736639662C396639736639662C39663973663992732C39662C736639732C39662C736639732C39662C396639736639662C396639736639662C3966922C736639732C39662C736639732C39662C736639736639662C396639736639662C39663973663992732C39662C736639732C39662C736639732C39662C396639736639662C396639736639662C3966
100,18,m7anim,202020202020202020202020202020202020202020202020202020202020202020202020202020202020202020202020202020202020202020202020202020202020202020202020202020202020202020202020202020202020202020202020202020202020202020202020202020202020202020202020202020202020202020202020202020202020202020202020209460703020202020202020202020202020202020202020202020202020202020202020202020209468917F942C30202020202020202020202020202020202020202020202020202020202020202020942A7F7F7F242020202020202020202020202020202020202020202020202020202020202020202020916B7F372020202020202020202020202020202020202020202020202020202020202020202091787C7E7F9430202020202020202020202020202020202020202020202020202020202020202091683F6F7F7F933020202020202020202020202020202020202020202020202020202020202020209122946A917F7F7D747030202020202020202020202020202020202020202020202020202020202020917F6E7F7F35222B6F2520202020202020202020202020202020202020202020202020202020202091226A927F35202020202020202020202020202020202020202020202020202020202020202020209260916F7F7D20202020202020202020202020202020202020202020202020202020209460202020926A7F776F917D30202020202020202020202020202020202020202020202020202020947E927430307F7F37917F7F35202020202020202020202020202020202020202020202020202094603F927F7F7F7F7F35207E91352020202020202020202020202020202020202020202020202020942A2192226F91372320206B927520202020202020202020202020202020202020202020202020202020202020912221202092226F7F946020202020202020202020202020202020202020202020202020202020202020202020209222947F7E2D2020202020202020202020202020202020202020202020202020202020202020202020946A27212020202020202020202020202020202020202020202020202020202020202020202020202020202020202020202020922C736639732C39662C736639732C39662C736639736639662C396639736639662C39663973663992732C39662C736639732C39662C736639732C39662C396639736639662C396639736639662C3966922C736639732C39662C736639732C39662C736639736639662C396639736639662C39663973663992732C39662C736639732C39662C736639732C39662C396639736639662C396639736639662C3966
100,19,m7anim,202020202020202020202020202020202020202020202020202020202020202020202020202020202020202020202020202020202020202020202020202020202020202020202020202020202020202020202020202020202020202020202020202020202020202020202020202020202020202020202020202020202020202020202020202020202020202020202020202020202020202020202020202020202020202020202020202020202020202020202020202020202094607C7F7D7420202020202020202020202020202020202020202020202020202020202020202020946A7F7F7F352120202020202020202020202020202020202020202020202020202020202020202020942F7F3F252020202020202020202020202020202020202020202020202020202020202020202091787F7F7D2020202020202020202020202020202020202020202020202020202020202020202091687F7F7F9421202020202020202020202020202020202020202020202020202020202020202020916A947F7F7F34202020202020202020202020202020202020202020202020202020202020202020916A947F913F7F7C3020202020202020202020202020202020202020202020202020202020202020912A927F7F30222B252020202020202020202020202020202020202020202020202020202020202020926B7F7F35202020202020202020202020202020202020202020202020202020202020202020202092766F7F752020202020202020202020202020202020202020202020202020202020202020202092607F917F7F202020202020202020202020202020202020202020202020202020202020947C927C7E917F927F7F352020202020202020202020202020202020202020202020202020202020947F922F2F916F926B7F352020202020202020202020202020202020202020202020202020202020947F2520202020916A92352020202020202020202020202020202020202020202020202020202020202020202020209222913520202020202020202020202020202020202020202020202020202020202020202020202020927F7D7C342020202020202020202020202020202020202020202020202020202020202020202020942B2F232120202020202020922C736639732C39662C736639732C39662C736639736639662C396639736639662C39663973663992732C39662C736639732C39662C736639732C39662C396639736639662C396639736639662C3966922C736639732C39662C736639732C39662C736639736639662C396639736639662C39663973663992732C39662C736639732C39662C736639732C39662C396639736639662C396639736639662C3966
100,20,m7anim,2020202020202020202020202020202020202020202020202020202020202020202020202020202020202020202020202020202020202020202020202020202020202020202020202020202020202020202020202020202020202020202020202020202020202020202020202020202020202020202020202020202020202020202020202020202020202020202020202020202020202020202020202020202020202020202020202020202020202020202020202020202020202094687E7F7C3020202020202020202020202020202020202020202020202020202020202020202020946A7F7F7F3220202020202020202020202020202020202020202020202020202020202020202020942A6F7F2F202020202020202020202020202020202020202020202020202020202020202020202094607E77302020202020202020202020202020202020202020202020202020202020202020202020917E7F943D20202020202020202020202020202020202020202020202020202020202020202020917E7F7F7F3520202020202020202020202020202020202020202020202020202020202020202020916B7F7F7F7D34202020202020202020202020202020202020202020202020202020202020202020916A7F7F372F7720202020202020202020202020202020202020202020202020202020202020202020917F7F35202020202020202020202020202020202020202020202020202020202020202020202092687E7F352020202020202020202020202020202020202020202020202020202020202020202020926A3F917F20202020202020202020202020202020202020202020202020202020202020202020209260916F7F2020202020202020202020202020202020202020202020202020202020202020209260917F357F7F252020202020202020202020202020202020202020202020202020202020209428927F3F27917F7F2020202020202020202020202020202020202020202020202020202020202020946B772120926B7F2020202020202020202020202020202020202020202020202020202020202020946A252020926A9470302020202020202020202020202020202020202020202020202020202020202020202020946A7F2F2520202020202020922C736639732C39662C736639732C39662C736639736639662C396639736639662C39663973663992732C39662C736639732C39662C736639732C39662C396639736639662C396639736639662C3966922C736639732C39662C736639732C39662C736639736639662C396639736639662C39663973663992732C39662C736639732C39662C736639732C39662C396639736639662C396639736639662C3966
100,21,m7anim,20202020202020202020202020202020202020202020202020202020202020202020202020202020202020202020202020202020202020202020202020202020202020202020202020202020202020202020202020202020202020202020202020202020202020202020202020202020202020202020202020202020202020202020202020202020202020202020202020202020202020202020202020202020202020202020202020202020202020202020202020202020202020202094787C742020202020202020202020202020202020202020202020202020202020202020202020946A7F7F7F232420202020202020202020202020202020202020202020202020202020202020202094227F7F7F212020202020202020202020202020202020202020202020202020202020202020202094607A7F35202020202020202020202020202020202020202020202020202020202020202020209468917F943520202020202020202020202020202020202020202020202020202020202020202020946A917F943520202020202020202020202020202020202020202020202020202020202020202020946A917F943520202020202020202020202020202020202020202020202020202020202020202020946A917F7F352020202020202020202020202020202020202020202020202020202020202020202094607F7F7F7520202020202020202020202020202020202020202020202020202020202020202020927E7F7F372020202020202020202020202020202020202020202020202020202020202020202020927F7F917F3420202020202020202020202020202020202020202020202020202020202020202092607F7F7F7F35202020202020202020202020202020202020202020202020202020202020202020946F7F7F3F2721202020202020202020202020202020202020202020202020202020202020202020927A7F9125202020202020202020202020202020202020202020202020202020202020202020209422927F7F20202020202020202020202020202020202020202020202020202020202020202020202020927F7F20202020202020202020202020202020202020202020202020202020202020202020202020947F7F7F342020202020202020922C736639732C39662C736639732C39662C736639736639662C396639736639662C39663973663992732C39662C736639732C39662C736639732C39662C396639736639662C396639736639662C3966922C736639732C39662C736639732C39662C736639736639662C396639736639662C39663973663992732C39662C736639732C39662C736639732C39662C396639736639662C396639736639662C3966
100,22,m7anim,202020202020202020202020202020202020202020202020202020202020202020202020202020202020202020202020202020202020202020202020202020202020202020202020202020202020202020202020202020202020202020202020202020202020202020202020202020202020202020202020202020202020202020202020202020202020202020202020202020202020202020202020202020202020202020202020202020202020202020202020202020202020202020202094787C742020202020202020202020202020202020202020202020202020202020202020202020946A7F7F7F232420202020202020202020202020202020202020202020202020202020202020202094227F7F7F212020202020202020202020202020202020202020202020202020202020202020202020916A7F35202020202020202020202020202020202020202020202020202020202020202020202091687F7F7D2020202020202020202020202020202020202020202020202020202020202020202091687F7F947F30202020202020202020202020202020202020202020202020202020202020202020916A947F917F75702020202020202020202020202020202020202020202020202020202020202020916A7F947F372F7F3520202020202020202020202020202020202020202020202020202020202020912A7F927F359122212020202020202020202020202020202020202020202020202020202020202092607F7F912120202020202020202020202020202020202020202020202020202020202020202020916A7F7F7F3020202020202020202020202020202020202020202020202020202020202020202094687F7F7F7F35202020202020202020202020202020202020202020202020202020202020202020926B7F917F9221202020202020202020202020202020202020202020202020202020202020202020916F7F7F7F2520202020202020202020202020202020202020202020202020202020202020202094687E7F91372020202020202020202020202020202020202020202020202020202020202020202094687F3F7F7D24202020202020202020202020202020202020202020202020202020202020202020942A2F6F7F2221202020202020922C736639732C39662C736639732C39662C736639736639662C396639736639662C39663973663992732C39662C736639732C39662C736639732C39662C396639736639662C396639736639662C3966922C736639732C39662C736639732C39662C736639736639662C396639736639662C39663973663992732C39662C736639732C39662C736639732C39662C396639736639662C396639736639662C3966
100,23,m7anim,202020202020202020202020202020202020202020202020202020202020202020202020202020202020202020202020202020202020202020202020202020202020202020202020202020202020202020202020202020202020202020202020202020202020202020202020202020202020202020202020202020202020202020202020202020202020202020202020202020202020202020946070202020202020202020202020202020202020202020202020202020202020202020202020947E917F946420202020202020202020202020202020202020202020202020202020202020202020946F7F7F3D202020202020202020202020202020202020202020202020202020202020202020202094227B7F2120202020202020202020202020202020202020202020202020202020202020202093607E7F7F7F35202020202020202020202020202020202020202020202020202020202020202091687F7F7F947F7F7430702020202020202020202020202020202020202020202020202020202020913E946A7F7F91232F6F7F20202020202020202020202020202020202020202020202020202020917A35946A7F7F35202091222020202020202020202020202020202020202020202020202020202091222120927F3F202020202020202020202020202020202020202020202020202020202020202020202020927F7F75202020202020202020202020202020202020202020202020202020202020202020202092607F7F7F7D20202020202020202020202020202020202020202020202020202020202020202020926A7F7F6E9135202020202020202020202020202020202020202020202020202020202020202092687F7F77917F352020202020202020202020202020202020202020202020202020202020202020917E7F7D7F7F3F2020202020202020202020202020202020202020202020202020202020202020927A7F3F7B913F202020202020202020202020202020202020202020202020202020202020202094607F3F797F92212020202020202020202020202020202020202020202020202020202020202020946A7F35202B7F34202020202020202020202020202020202020202020202020202020202020202020942B67202020212020202020922C736639732C39662C736639732C39662C736639736639662C396639736639662C39663973663992732C39662C736639732C39662C736639732C39662C396639736639662C396639736639662C3966922C736639732C39662C736639732C39662C736639736639662C396639736639662C39663973663992732C39662C736639732C39662C736639732C39662C396639736639662C396639736639662C3966
100,24,m7anim,2020202020202020202020202020202020202020202020202020202020202020202020202020202020202020202020202020202020202020202020202020202020202020202020202020202020202020202020202020202020202020202020202020202020202020202020202020202020202020202020202020202020202020202020202020202020202020202020202020202020202020202094787E7F743020202020202020202020202020202020202020202020202020202020202020202020947F7F7F752220202020202020202020202020202020202020202020202020202020202020202020942A6F7F25202020202020202020202020202020202020202020202020202020202020202091787C7C7C7F943420202020202020202020202020202020202020202020202020202020202020916A372F937F7F7F7F7D202020202020202020202020202020202020202020202020202020202020917F35946A7F7F91272F202020202020202020202020202020202020202020202020202020202091222F21946A7F7F7F2020202020202020202020202020202020202020202020202020202020202020202020916A7F7F352020202020202020202020202020202020202020202020202020202020202020202020927E913F7C3020202020202020202020202020202020202020202020202020202020202020202092687F7F7F917D242020202020202020202020202020202020202020202020202020202020202020917E7F922B917F34202020202020202020202020202020202020202020202020202020202092607C7E7F7F37917F3F202020202020202020202020202020202020202020202020202020946C927F917F7F7F2792227F35202020202020202020202020202020202020202020202020202020946A922F279122232020927F35202020202020202020202020202020202020202020202020202020946A35202020202020206A7F7F7D202020202020202020202020202020202020202020202020202020202020202020202020202020202020202020202020202020202020202020202020202020202020202020202020202020202020202020202020202020202020202020202020202020202020202020202020202020202020202020202020922C736639732C39662C736639732C39662C736639736639662C396639736639662C39663973663992732C39662C736639732C39662C736639732C39662C396639736639662C396639736639662C3966922C736639732C39662C736639732C39662C736639736639662C396639736639662C39663973663992732C39662C736639732C39662C736639732C39662C396639736639662C396639736639662C3966
100,25,m7anim,2020202020202020202020202020202020202020202020202020202020202020202020202020202020202020202020202020202020202020202020202020202020202020202020202020202020202020202020202020202020202020202020202020202020202020202020202020202020202020202020202020202020202020202020202020202020202020202020202020202020202020202020202094703020202020202020202020202020202020202020202020202020202020202020202020209468917F7F2020202020202020202020202020202020202020202020202020202020202020202020942A7F7F7F20202020202020202020202020202020202020202020202020202020202020202020202094237F37202020202020202020202020202020202020202020202020202020202020202020209178937F7F7D202020202020202020202020202020202020202020202020202020202020202020916A7F7F947F7F202020202020202020202020202020202020202020202020202020202020202020916A946A7F7F7F202020202020202020202020202020202020202020202020202020202020202020916A7F947F7F7F202020202020202020202020202020202020202020202020202020202020202020912A7F927F7F352020202020202020202020202020202020202020202020202020202020202020202020927E913F792020202020202020202020202020202020202020202020202020202020947430202092687F7F7F7F202020202020202020202020202020202020202020202020202020209468927F917C7D7E7F926F7F20202020202020202020202020202020202020202020202020202020947E92236F7F7F7F7F912A7F202020202020202020202020202020202020202020202020202020209422202020912B2F2220206B20202020202020202020202020202020202020202020202020202020202020202020202020209222202020202020202020202020202020202020202020202020202020202020202020202020202020202020202020202020202020202020202020202020202020202020202020202020202020202020202020202020202020202020202020202020202020202020202020202020202020202020202020202020922C736639732C39662C736639732C39662C736639736639662C396639736639662C39663973663992732C39662C736639732C39662C736639732C39662C396639736639662C396639736639662C3966922C736639732C39662C736639732C39662C736639736639662C396639736639662C39663973663992732C39662C736639732C39662C736639732C39662C396639736639662C396639736639662C3966
100,26,m7anim,2020202020202020202020202020202020202020202020202020202020202020202020202020202020202020202020202020202020202020202020202020202020202020202020202020202020202020202020202020202020202020202020202020202020202020202020202020202020202020202020202020202020202020202020202020202020202020202020202020202020202020202020202020947020202020202020202020202020202020202020202020202020202020202020202020202020947E7F20202020202020202020202020202020202020202020202020202020202020202020202020916F7F2020202020202020202020202020202020202020202020202020202020202020202020202094227F20202020202020202020202020202020202020202020202020202020202020202020202091607E7F2020202020202020202020202020202020202020202020202020202020202020202020916A937F7F2020202020202020202020202020202020202020202020202020202020202020202020916A7F947F2020202020202020202020202020202020202020202020202020202020202020202020916A947F7F2020202020202020202020202020202020202020202020202020202020202020202020912A947F7F202020202020202020202020202020202020202020202020202020202020202020202020917B927F202020202020202020202020202020202020202020202020202020202020202020202020927F7F3D202020202020202020202020202020202020202020202020202020202020202020926070917F927B202020202020202020202020202020202020202020202020202020202094609278917E7F927F917E202020202020202020202020202020202020202020202020202020202020947F927F2F272B279123202020202020202020202020202020202020202020202020202020202020947F3520202020202020202020202020202020202020202020202020202020202020202020202020942320202020202020202020202020202020202020202020202020202020202020202020202020202020202020202020202020202020202020202020202020202020202020202020202020202020202020202020202020202020922C736639732C39662C736639732C39662C736639736639662C396639736639662C39663973663992732C39662C736639732C39662C736639732C39662C396639736639662C396639736639662C3966922C736639732C39662C736639732C39662C736639736639662C396639736639662C39663973663992732C39662C736639732C39662C736639732C39662C396639736639662C396639736639662C3966
100,27,m7anim,20202020202020202020202020202020202020202020202020202020202020202020202020202020202020202020202020202020202020202020202020202020202020202020202020202020202020202020202020202020202020202020202020202020202020202020202020202020202020202020202020202020202020202020202020202020202020202020202020202020202020202020202020202020202020202020202020202020202020202020202020202020202020202020202020202020202094682020202020202020202020202020202020202020202020202020202020202020202020202020942A20202020202020202020202020202020202020202020202020202020202020202020202020202020202020202020202020202020202020202020202020202020202020202020202020202020202091782020202020202020202020202020202020202020202020202020202020202020202020202091607F20202020202020202020202020202020202020202020202020202020202020202020202020916A7F20202020202020202020202020202020202020202020202020202020202020202020202020916A7F2020202020202020202020202020202020202020202020202020202020202020202020202020916F2020202020202020202020202020202020202020202020202020202020202020202020202094226E2020202020202020202020202020202020202020202020202020202020202020202020202020942A202020202020202020202020202020202020202020202020202020202020202020202020202020202020202020202020202020202020202020202020202020202020202020202020202020209460687C2020202020202020202020202020202020202020202020202020202020202020202094787C7F7F7F20202020202020202020202020202020202020202020202020202020202020202020947F922F232120202020202020202020202020202020202020202020202020202020202020202020946B352020202020202020202020202020202020202020202020202020202020202020202020202094222120202020202020202020202020202020202020202020202020202020202020202020202020202020202020922C736639732C39662C736639732C39662C736639736639662C396639736639662C39663973663992732C39662C736639732C39662C736639732C39662C396639736639662C396639736639662C3966922C736639732C39662C736639732C39662C736639736639662C396639736639662C39663973663992732C39662C736639732C39662C736639732C39662C396639736639662C396639736639662C3966
100,28,m7anim,202020202020202020202020202020202020202020202020202020202020202020202020202020202020202020202020202020202020202020202020202020202020202020202020202020202020202020202020202020202020202020202020202020202020202020202020202020202020202020202020202020202020202020202020202020202020202020202020202020202020202020202020202020202020202020202020202020202020202020202020202020202020202020202020202020202020202020202020202020202020202020202020202020202020202020202020202020202020202020202020202020202020202020202020202020202020202020202020202020202020202020202020202020202020202020202020202020202020202020202020202020202020202020202020202020202020202020202020202020202020202020202020202020202020202020202020202020202020202020202020202020202020202020202020202020202020202020202020202020202020202020202020202020202020202020202020202020202020202020202020202020202020202020202020202020202020202020202020202020202020202020202020202020202020202020202020202020202020202020202020202020202020202020202020202020202020202020202020202020202020202020202020202020202020202020202020202020202020202020202020202020202020202020202020202020202020926A2020202020202020202020202020202020202020202020202020202020202020202020202020926A2020202020202020202020202020202020202020202020202020202020202020202020202020926A2020202020202020202020202020202020202020202020202020202020202020202020202020917F2020202020202020202020202020202020202020202020202020202020202020202020202020917F202020202020202020202020202020202020202020202020202020202020202020202020202092722020202020202020202020202020202020202020202020202020202020202020202020202020946F2020202020202020202020202020202020202020202020202020202020202020202020202020946A922C736639732C39662C736639732C39662C736639736639662C396639736639662C39663973663992732C39662C736639732C39662C736639732C39662C396639736639662C396639736639662C3966922C736639732C39662C736639732C39662C736639736639662C396639736639662C39663973663992732C39662C736639732C39662C736639732C39662C396639736639662C396639736639662C3966
100,29,m7anim,202020202020202020202020202020202020202020202020202020202020202020202020202020202020202020202020202020202020202020202020202020202020202020202020202020202020202020202020202020202020202020202020202020202020202020202020202020202020202020202020202020202020202020202020202020202020202020202020202020202020202020202020202020202020202020202020202020202020202020202020202020202020202020202020202020202020202020202020202020202020202020202020202020202020202020202020202020202020202020202020202020202020202020202020202020202020202020202020202020202020202020202020202020202020202020202020202020202020202020202020202020202020202020202020202020202020202020202020202020202020202020202020202020202020202020202020202020202020202020202020202020202020202020202020202020202020202020202020202020202020202020202020202020202020202020202020202020202020202020202020202020202020202020202020202020202020202020202020202020202020202020202020202020202020202020202020202020202020202020202020202020202020202020202020202020202020202020202020202020202020202020202020202020202020202020202020202020202020202020202020202020202020202020202020202020202020202020202020202020202020202020202020202020202020202020202020202020202020202020202020202020202020202020202020202020202020202020202020202020202020202020202020202020202020202020202020202020202020202020202020202020202020202020202020202020202020202020202020202020202020202020202020202020202020202020202020202020202020202020202020202020202020202020202020202020202020202020202020202020202020202020202020202020202020202020202020202020202020202020202020202020202020202020202020202020202020202020202020202020202020202020202020202020202020202020202020202020202020202020202020922C736639732C39662C736639732C39662C736639736639662C396639736639662C39663973663992732C39662C736639732C39662C736639732C39662C396639736639662C396639736639662C3966922C736639732C39662C736639732C39662C736639736639662C396639736639662C39663973663992732C39662C736639732C39662C736639732C39662C396639736639662C396639736639662C3966
100,30,m7anim,202020202020202020202020202020202020202020202020202020202020202020202020202020202020202020202020202020202020202020202020202020202020202020202020202020202020202020202020202020202020202020202020202020202020202020202020202020202020202020202020202020202020202020202020202020202020202020202020202020202020202020202020202020202020202020202020202020202020202020202020202020202020202020202020202020202020202020202020202020202020202020202020202020202020202020202020202020202020202020202020202020202020202020202020202020202020202020202020202020202020202020202020202020202020202020202020202020202020202020202020202020202020202020202020202020202020202020202020202020202020202020202020202020202020202020202020202020202020202020202020202020202020202020202020202020202020202020202020202020202020202020202020202020202020202020202020202020202020202020202020202020202020202020202020202020202020202020202020202020202020202020202020202020202020202020202020202020202020202020202020202020202020202020202020202020202020202020202020202020202020202020202020202020202020202020202020202020202020202020202020202020202020202020202020202020202020202020202020202020202020202020202020202020202020202020202020202020202020202020202020202020202020202020202020202020202020202020202020202020202020202020202020202020202020202020202020202020202020202020202020202020202020202020202020202020202020202020202020202020202020202020202020202020202020202020202020202020202020202020202020202020202020202020202020202020202020202020202020202020202020202020202020202020202020202020202020202020202020202020202020202020202020202020202020202020202020202020202020202020202020202020202020202020202020202020202020202020202020202020202020922C736639732C39662C736639732C39662C736639736639662C396639736639662C39663973663992732C39662C736639732C39662C736639732C39662C396639736639662C396639736639662C3966922C736639732C39662C736639732C39662C736639736639662C396639736639662C39663973663992732C39662C736639732C39662C736639732C39662C396639736639662C396639736639662C3966
100,31,m7anim,202020202020202020202020202020202020202020202020202020202020202020202020202020202020202020202020202020202020202020202020202020202020202020202020202020202020202020202020202020202020202020202020202020202020202020202020202020202020202020202020202020202020202020202020202020202020202020202020202020202020202020202020202020202020202020202020202020202020202020202020202020202020202020202020202020202020202020202020202020202020202020202020202020202020202020202020202020202020202020202020202020202020202020202020202020202020202020202020202020202020202020202020202020202020202020202020202020202020202020202020202020202020202020202020202020202020202020202020202020202020202020202020202020202020202020202020202020202020202020202020202020202020202020202020202020202020202020202020202020202020202020202020202020202020202020202020202020202020202020202020202020202020202020202020202020202020202020202020202020202020202020202020202020202020202020202020202020202020202020202020202020202020202020202020202020202020202020202020202020202020202020202020202020202020202020202020202020202020202020202020202020202020202020202020202020202020202020202020202020202020202020202020202020202020202020202020202020202020202020202020202020202020202020202020202020202020202020202020202020202020202020202020202020202020202020202020202020202020202020202020202020202020202020202020202020202020202020202020202020202020202020202020202020202020202020202020202020202020202020202020202020202020202020202020202020202020202020202020202020202020202020202020202020202020202020202020202020202020202020202020202020202020202020202020202020202020202020202020202020202020202020202020202020202020202020202020202020202020202020202020922C736639732C39662C736639732C39662C736639736639662C396639736639662C39663973663992732C39662C736639732C39662C736639732C39662C396639736639662C396639736639662C3966922C736639732C39662C736639732C39662C736639736639662C396639736639662C39663973663992732C39662C736639732C39662C736639732C39662C396639736639662C396639736639662C3966
100,32,m7anim,202020202020202020202020202020202020202020202020202020202020202020202020202020202020202020202020202020202020202020202020202020202020202020202020202020202020202020202020202020202020202020202020202020202020202020202020202020202020202020202020202020202020202020202020202020202020202020202020202020202020202020202020202020202020202020202020202020202020202020202020202020202020202020202020202020202020202020202020202020202020202020202020202020202020202020202020202020202020202020202020202020202020202020202020202020202020202020202020202020202020202020202020202020202020202020202020202020202020202020202020202020202020202020202020202020202020202020202020202020202020202020202020202020202020202020202020202020202020202020202020202020202020202020202020202020202020202020202020202020202020202020202020202020202020202020202020202020202020202020202020202020202020202020202020202020202020202020202020202020202020202020202020202020202020202020202020202020202020202020202020202020202020202020202020202020202020202020202020202020202020202020202020202020202020202020202020202020202020202020202020202020202020202020202020202020202020202020202020202020202020202020202020202020202020202020202020202020202020202020202020202020202020202020202020202020202020202020202020202020202020202020202020202020202020202020202020202020202020202020202020202020202020202020202020202020202020202020202020202020202020202020202020202020202020202020202020202020202020202020202020202020202020202020202020202020202020202020202020202020202020202020202020202020202020202020202020202020202020202020202020202020202020202020202020202020202020202020202020202020202020202020202020202020202020202020202020202020202020202020202020922C736639732C39662C736639732C39662C736639736639662C396639736639662C39663973663992732C39662C736639732C39662C736639732C39662C396639736639662C396639736639662C3966922C736639732C39662C736639732C39662C736639736639662C396639736639662C39663973663992732C39662C736639732C39662C736639732C39662C396639736639662C396639736639662C3966
