100,1,m7anim,202020202020202020202020202020202020202020202020202020202020202020202020202020202020202020202020202020202020202020202020202020202020202020202020202020202020202020202020202020202020202020202092787C7C7C7C7C7C7C742020202020202020202020202020202020202020202020202020202020927A7F7F7F7F7F7F7F7F7F7420202020202020202020202020202020202020202020202020209260346B7F7F7F7F7F7F7F7F3F617420202020202020202020202020202020202020202020202092787F7F342B2F2F2F2F2F2F2F617F7F752020202020202020202020202020202020202020202020927F7F7F3520202020202020207F7F7F7F2020202020202020202020202020202020202020202092687F7F7F3520202020202020207F7F7F3F20202020202020202020202020202020202020202020926A7F7F7F3520202020202020207F7F7F3520202020202020202020202020202020202020202020926A7F7F7F21202020202020206A7F7F7F3520202020202020202020202020202020202020202020926A7F7F7F20202020202020206A7F7F7F252020202020202020202020202020202020202020202020926F3F212020202020202020202B3F2120202020202020202020202020202020202020202020202020202020202020202020202020922120202020202020202020202020202020202020202020202092607E30202020202020202020207874202020202020202020202020202020202020202020202092607E7F7F3420202020202020207E7F7F3420202020202020202020202020202020202020202020926A7F7F7F2520202020202020607F7F7F3520202020202020202020202020202020202020202020926A7F7F7F20202020202020206A7F7F7F3520202020202020202020202020202020202020202020927E7F7F7F20202020202020206A7F7F7F2520202020202020202020202020202020202020202020927F7F7F7F20202020202020206A7F7F7F2020202020202020202020202020202020202020202020926F7F7F2570707070707070306B7F7F3F202020202020202020202020202020202020202020202092222F617E7F7F7F7F7F7F7F7F346B272020202020202020202020202020202020202020202020202020926E7F7F7F7F7F7F7F7F7F3F2020202020202020202020202020202020202020202020202020202020926F7F7F7F7F7F7F7F372020202020202020202020202020202020202020202020202020202020202020202020202020202020202020202020202020202020202020202020202020202020202020202020202020202020202020202020202020202020202020202020202020
100,2,m7anim,2020202020202020202020202020202020202020202020202020202020202020202020202020202020202020202020202020202020202020202020202020202020202020202020202020202020202020202020202020202020202020202020202020202020202020202020202020202020202020202020202020202020202020202020202020202020202020202020202020202020202020202020202020202020202020202020202020202020202020202020202020202092607420202020202020202020202020202020202020202020202020202020202020202020202092607F7F752020202020202020202020202020202020202020202020202020202020202020202020927F7F7F7F2020202020202020202020202020202020202020202020202020202020202020202020927F7F7F3F2020202020202020202020202020202020202020202020202020202020202020202020927F7F7F3520202020202020202020202020202020202020202020202020202020202020202020926A7F7F7F3520202020202020202020202020202020202020202020202020202020202020202020926A7F7F7F252020202020202020202020202020202020202020202020202020202020202020202020922B3F2120202020202020202020202020202020202020202020202020202020202020202020202020922120202020202020202020202020202020202020202020202020202020202020202020202020927874202020202020202020202020202020202020202020202020202020202020202020202020927E7F7F342020202020202020202020202020202020202020202020202020202020202020202092607F7F7F3520202020202020202020202020202020202020202020202020202020202020202020926A7F7F7F3520202020202020202020202020202020202020202020202020202020202020202020926A7F7F7F2520202020202020202020202020202020202020202020202020202020202020202020926A7F7F7F2020202020202020202020202020202020202020202020202020202020202020202020926B7F7F3F202020202020202020202020202020202020202020202020202020202020202020202020926B2720202020202020202020202020202020202020202020202020202020202020202020202020202020202020202020202020202020202020202020202020202020202020202020202020202020202020202020202020202020202020202020202020202020202020202020202020202020202020202020202020202020202020202020202020202020202020202020202020202020202020202020202020202020202020202020202020202020202020
100,3,m7anim,202020202020202020202020202020202020202020202020202020202020202020202020202020202020202020202020202020202020202020202020202020202020202020202020202020202020202020202020202020202020202020202092787C7C7C7C7C7C7C742020202020202020202020202020202020202020202020202020202020927A7F7F7F7F7F7F7F7F7F7420202020202020202020202020202020202020202020202020202020926B7F7F7F7F7F7F7F7F3F617420202020202020202020202020202020202020202020202020202020922B2F2F2F2F2F2F2F617F7F752020202020202020202020202020202020202020202020202020202020202020202020927F7F7F7F2020202020202020202020202020202020202020202020202020202020202020202020927F7F7F3F2020202020202020202020202020202020202020202020202020202020202020202020927F7F7F3520202020202020202020202020202020202020202020202020202020202020202020926A7F7F7F3520202020202020202020202020202020202020202020202020202020202020202020926A7F7F7F252020202020202020202020202020202020202020202020202092607E7F7F7F7F7F7F7F342B3F212020202020202020202020202020202020202020202020202092687F7F7F7F7F7F7F7F7F7F342120202020202020202020202020202020202020202020202092607E306B7F7F7F7F7F7F7F7F272020202020202020202020202020202020202020202020202092607E7F7F3423232323232323212020202020202020202020202020202020202020202020202020926A7F7F7F2520202020202020202020202020202020202020202020202020202020202020202020926A7F7F7F2020202020202020202020202020202020202020202020202020202020202020202020927E7F7F7F2020202020202020202020202020202020202020202020202020202020202020202020927F7F7F7F2020202020202020202020202020202020202020202020202020202020202020202020926F7F7F25707070707070703020202020202020202020202020202020202020202020202020202092222F617E7F7F7F7F7F7F7F7F3420202020202020202020202020202020202020202020202020202020926E7F7F7F7F7F7F7F7F7F3F2020202020202020202020202020202020202020202020202020202020926F7F7F7F7F7F7F7F372020202020202020202020202020202020202020202020202020202020202020202020202020202020202020202020202020202020202020202020202020202020202020202020202020202020202020202020202020202020202020202020202020
100,4,m7anim,202020202020202020202020202020202020202020202020202020202020202020202020202020202020202020202020202020202020202020202020202020202020202020202020202020202020202020202020202020202020202020202092787C7C7C7C7C7C7C742020202020202020202020202020202020202020202020202020202020927A7F7F7F7F7F7F7F7F7F7420202020202020202020202020202020202020202020202020202020926B7F7F7F7F7F7F7F7F3F617420202020202020202020202020202020202020202020202020202020922B2F2F2F2F2F2F2F617F7F752020202020202020202020202020202020202020202020202020202020202020202020927F7F7F7F2020202020202020202020202020202020202020202020202020202020202020202020927F7F7F3F2020202020202020202020202020202020202020202020202020202020202020202020927F7F7F3520202020202020202020202020202020202020202020202020202020202020202020926A7F7F7F3520202020202020202020202020202020202020202020202020202020202020202020926A7F7F7F252020202020202020202020202020202020202020202020202092607E7F7F7F7F7F7F7F342B3F212020202020202020202020202020202020202020202020202092687F7F7F7F7F7F7F7F7F7F3421202020202020202020202020202020202020202020202020202020926B7F7F7F7F7F7F7F7F277874202020202020202020202020202020202020202020202020202020209223232323232323217E7F7F342020202020202020202020202020202020202020202020202020202020202020202092607F7F7F3520202020202020202020202020202020202020202020202020202020202020202020926A7F7F7F3520202020202020202020202020202020202020202020202020202020202020202020926A7F7F7F2520202020202020202020202020202020202020202020202020202020202020202020926A7F7F7F2020202020202020202020202020202020202020202020202020209270707070707070306B7F7F3F2020202020202020202020202020202020202020202020202092607E7F7F7F7F7F7F7F7F346B272020202020202020202020202020202020202020202020202020926E7F7F7F7F7F7F7F7F7F3F2020202020202020202020202020202020202020202020202020202020926F7F7F7F7F7F7F7F372020202020202020202020202020202020202020202020202020202020202020202020202020202020202020202020202020202020202020202020202020202020202020202020202020202020202020202020202020202020202020202020202020
100,5,m7anim,2020202020202020202020202020202020202020202020202020202020202020202020202020202020202020202020202020202020202020202020202020202020202020202020202020202020202020202020202020202020202020202020202020202020202020202020202020202020202020202020202020202020202020202020202020202020202020202020202020202020202020202020202020202020202020202020202020202092603420202020202020202020607420202020202020202020202020202020202020202020202092787F7F342020202020202020607F7F752020202020202020202020202020202020202020202020927F7F7F3520202020202020207F7F7F7F2020202020202020202020202020202020202020202092687F7F7F3520202020202020207F7F7F3F20202020202020202020202020202020202020202020926A7F7F7F3520202020202020207F7F7F3520202020202020202020202020202020202020202020926A7F7F7F21202020202020206A7F7F7F3520202020202020202020202020202020202020202020926A7F7F7F20202020202020206A7F7F7F252020202020202020202020202020202020202020202020926F3F617E7F7F7F7F7F7F7F342B3F212020202020202020202020202020202020202020202020202092687F7F7F7F7F7F7F7F7F7F3421202020202020202020202020202020202020202020202020202020926B7F7F7F7F7F7F7F7F277874202020202020202020202020202020202020202020202020202020209223232323232323217E7F7F342020202020202020202020202020202020202020202020202020202020202020202092607F7F7F3520202020202020202020202020202020202020202020202020202020202020202020926A7F7F7F3520202020202020202020202020202020202020202020202020202020202020202020926A7F7F7F2520202020202020202020202020202020202020202020202020202020202020202020926A7F7F7F2020202020202020202020202020202020202020202020202020202020202020202020926B7F7F3F202020202020202020202020202020202020202020202020202020202020202020202020926B2720202020202020202020202020202020202020202020202020202020202020202020202020202020202020202020202020202020202020202020202020202020202020202020202020202020202020202020202020202020202020202020202020202020202020202020202020202020202020202020202020202020202020202020202020202020202020202020202020202020202020202020202020202020202020202020202020202020202020
100,6,m7anim,202020202020202020202020202020202020202020202020202020202020202020202020202020202020202020202020202020202020202020202020202020202020202020202020202020202020202020202020202020202020202020202092787C7C7C7C7C7C7C742020202020202020202020202020202020202020202020202020202020927A7F7F7F7F7F7F7F7F7F7420202020202020202020202020202020202020202020202020209260346B7F7F7F7F7F7F7F7F3F212020202020202020202020202020202020202020202020202092787F7F342B2F2F2F2F2F2F2F212020202020202020202020202020202020202020202020202020927F7F7F352020202020202020202020202020202020202020202020202020202020202020202092687F7F7F3520202020202020202020202020202020202020202020202020202020202020202020926A7F7F7F3520202020202020202020202020202020202020202020202020202020202020202020926A7F7F7F2120202020202020202020202020202020202020202020202020202020202020202020926A7F7F7F202020202020202020202020202020202020202020202020202020202020202020202020926F3F617E7F7F7F7F7F7F7F342020202020202020202020202020202020202020202020202020202092687F7F7F7F7F7F7F7F7F7F3420202020202020202020202020202020202020202020202020202020926B7F7F7F7F7F7F7F7F277874202020202020202020202020202020202020202020202020202020209223232323232323217E7F7F342020202020202020202020202020202020202020202020202020202020202020202092607F7F7F3520202020202020202020202020202020202020202020202020202020202020202020926A7F7F7F3520202020202020202020202020202020202020202020202020202020202020202020926A7F7F7F2520202020202020202020202020202020202020202020202020202020202020202020926A7F7F7F2020202020202020202020202020202020202020202020202020209270707070707070306B7F7F3F2020202020202020202020202020202020202020202020202092607E7F7F7F7F7F7F7F7F346B272020202020202020202020202020202020202020202020202020926E7F7F7F7F7F7F7F7F7F3F2020202020202020202020202020202020202020202020202020202020926F7F7F7F7F7F7F7F372020202020202020202020202020202020202020202020202020202020202020202020202020202020202020202020202020202020202020202020202020202020202020202020202020202020202020202020202020202020202020202020202020
100,7,m7anim,202020202020202020202020202020202020202020202020202020202020202020202020202020202020202020202020202020202020202020202020202020202020202020202020202020202020202020202020202020202020202020202092787C7C7C7C7C7C7C742020202020202020202020202020202020202020202020202020202020927A7F7F7F7F7F7F7F7F7F7420202020202020202020202020202020202020202020202020209260346B7F7F7F7F7F7F7F7F3F212020202020202020202020202020202020202020202020202092787F7F342B2F2F2F2F2F2F2F212020202020202020202020202020202020202020202020202020927F7F7F352020202020202020202020202020202020202020202020202020202020202020202092687F7F7F3520202020202020202020202020202020202020202020202020202020202020202020926A7F7F7F3520202020202020202020202020202020202020202020202020202020202020202020926A7F7F7F2120202020202020202020202020202020202020202020202020202020202020202020926A7F7F7F202020202020202020202020202020202020202020202020202020202020202020202020926F3F617E7F7F7F7F7F7F7F342020202020202020202020202020202020202020202020202020202092687F7F7F7F7F7F7F7F7F7F342020202020202020202020202020202020202020202020202092607E306B7F7F7F7F7F7F7F7F277874202020202020202020202020202020202020202020202092607E7F7F3423232323232323217E7F7F3420202020202020202020202020202020202020202020926A7F7F7F2520202020202020607F7F7F3520202020202020202020202020202020202020202020926A7F7F7F20202020202020206A7F7F7F3520202020202020202020202020202020202020202020927E7F7F7F20202020202020206A7F7F7F2520202020202020202020202020202020202020202020927F7F7F7F20202020202020206A7F7F7F2020202020202020202020202020202020202020202020926F7F7F2570707070707070306B7F7F3F202020202020202020202020202020202020202020202092222F617E7F7F7F7F7F7F7F7F346B272020202020202020202020202020202020202020202020202020926E7F7F7F7F7F7F7F7F7F3F2020202020202020202020202020202020202020202020202020202020926F7F7F7F7F7F7F7F372020202020202020202020202020202020202020202020202020202020202020202020202020202020202020202020202020202020202020202020202020202020202020202020202020202020202020202020202020202020202020202020202020
100,8,m7anim,202020202020202020202020202020202020202020202020202020202020202020202020202020202020202020202020202020202020202020202020202020202020202020202020202020202020202020202020202020202020202020202092787C7C7C7C7C7C7C742020202020202020202020202020202020202020202020202020202020927A7F7F7F7F7F7F7F7F7F7420202020202020202020202020202020202020202020202020202020926B7F7F7F7F7F7F7F7F3F617420202020202020202020202020202020202020202020202020202020922B2F2F2F2F2F2F2F617F7F752020202020202020202020202020202020202020202020202020202020202020202020927F7F7F7F2020202020202020202020202020202020202020202020202020202020202020202020927F7F7F3F2020202020202020202020202020202020202020202020202020202020202020202020927F7F7F3520202020202020202020202020202020202020202020202020202020202020202020926A7F7F7F3520202020202020202020202020202020202020202020202020202020202020202020926A7F7F7F252020202020202020202020202020202020202020202020202020202020202020202020922B3F2120202020202020202020202020202020202020202020202020202020202020202020202020922120202020202020202020202020202020202020202020202020202020202020202020202020927874202020202020202020202020202020202020202020202020202020202020202020202020927E7F7F342020202020202020202020202020202020202020202020202020202020202020202092607F7F7F3520202020202020202020202020202020202020202020202020202020202020202020926A7F7F7F3520202020202020202020202020202020202020202020202020202020202020202020926A7F7F7F2520202020202020202020202020202020202020202020202020202020202020202020926A7F7F7F2020202020202020202020202020202020202020202020202020202020202020202020926B7F7F3F202020202020202020202020202020202020202020202020202020202020202020202020926B2720202020202020202020202020202020202020202020202020202020202020202020202020202020202020202020202020202020202020202020202020202020202020202020202020202020202020202020202020202020202020202020202020202020202020202020202020202020202020202020202020202020202020202020202020202020202020202020202020202020202020202020202020202020202020202020202020202020202020
100,9,m7anim,202020202020202020202020202020202020202020202020202020202020202020202020202020202020202020202020202020202020202020202020202020202020202020202020202020202020202020202020202020202020202020202092787C7C7C7C7C7C7C742020202020202020202020202020202020202020202020202020202020927A7F7F7F7F7F7F7F7F7F7420202020202020202020202020202020202020202020202020209260346B7F7F7F7F7F7F7F7F3F617420202020202020202020202020202020202020202020202092787F7F342B2F2F2F2F2F2F2F617F7F752020202020202020202020202020202020202020202020927F7F7F3520202020202020207F7F7F7F2020202020202020202020202020202020202020202092687F7F7F3520202020202020207F7F7F3F20202020202020202020202020202020202020202020926A7F7F7F3520202020202020207F7F7F3520202020202020202020202020202020202020202020926A7F7F7F21202020202020206A7F7F7F3520202020202020202020202020202020202020202020926A7F7F7F20202020202020206A7F7F7F252020202020202020202020202020202020202020202020926F3F617E7F7F7F7F7F7F7F342B3F212020202020202020202020202020202020202020202020202092687F7F7F7F7F7F7F7F7F7F342120202020202020202020202020202020202020202020202092607E306B7F7F7F7F7F7F7F7F277874202020202020202020202020202020202020202020202092607E7F7F3423232323232323217E7F7F3420202020202020202020202020202020202020202020926A7F7F7F2520202020202020607F7F7F3520202020202020202020202020202020202020202020926A7F7F7F20202020202020206A7F7F7F3520202020202020202020202020202020202020202020927E7F7F7F20202020202020206A7F7F7F2520202020202020202020202020202020202020202020927F7F7F7F20202020202020206A7F7F7F2020202020202020202020202020202020202020202020926F7F7F2570707070707070306B7F7F3F202020202020202020202020202020202020202020202092222F617E7F7F7F7F7F7F7F7F346B272020202020202020202020202020202020202020202020202020926E7F7F7F7F7F7F7F7F7F3F2020202020202020202020202020202020202020202020202020202020926F7F7F7F7F7F7F7F372020202020202020202020202020202020202020202020202020202020202020202020202020202020202020202020202020202020202020202020202020202020202020202020202020202020202020202020202020202020202020202020202020
100,10,m7anim,202020202020202020202020202020202020202020202020202020202020202020202020202020202020202020202020202020202020202020202020202020202020202020202020202020202020202020202020202020202020202020202092787C7C7C7C7C7C7C742020202020202020202020202020202020202020202020202020202020927A7F7F7F7F7F7F7F7F7F7420202020202020202020202020202020202020202020202020209260346B7F7F7F7F7F7F7F7F3F617420202020202020202020202020202020202020202020202092787F7F342B2F2F2F2F2F2F2F617F7F752020202020202020202020202020202020202020202020927F7F7F3520202020202020207F7F7F7F2020202020202020202020202020202020202020202092687F7F7F3520202020202020207F7F7F3F20202020202020202020202020202020202020202020926A7F7F7F3520202020202020207F7F7F3520202020202020202020202020202020202020202020926A7F7F7F21202020202020206A7F7F7F3520202020202020202020202020202020202020202020926A7F7F7F20202020202020206A7F7F7F252020202020202020202020202020202020202020202020926F3F617E7F7F7F7F7F7F7F342B3F212020202020202020202020202020202020202020202020202092687F7F7F7F7F7F7F7F7F7F3421202020202020202020202020202020202020202020202020202020926B7F7F7F7F7F7F7F7F277874202020202020202020202020202020202020202020202020202020209223232323232323217E7F7F342020202020202020202020202020202020202020202020202020202020202020202092607F7F7F3520202020202020202020202020202020202020202020202020202020202020202020926A7F7F7F3520202020202020202020202020202020202020202020202020202020202020202020926A7F7F7F2520202020202020202020202020202020202020202020202020202020202020202020926A7F7F7F2020202020202020202020202020202020202020202020202020202020202020202020926B7F7F3F202020202020202020202020202020202020202020202020202020202020202020202020926B2720202020202020202020202020202020202020202020202020202020202020202020202020202020202020202020202020202020202020202020202020202020202020202020202020202020202020202020202020202020202020202020202020202020202020202020202020202020202020202020202020202020202020202020202020202020202020202020202020202020202020202020202020202020202020202020202020202020202020
100,11,m7anim,202020202020202020202020202020202020202020202020202020202020202020202020202020202020202020202020202020202020202020202020202020202020202020202020202020202020202020202020202020202020202020202092787C7C7C7C7C7C7C742020202020202020202020202020202020202020202020202020202020927A7F7F7F7F7F7F7F7F7F7420202020202020202020202020202020202020202020202020209260346B7F7F7F7F7F7F7F7F3F617420202020202020202020202020202020202020202020202092787F7F342B2F2F2F2F2F2F2F617F7F752020202020202020202020202020202020202020202020927F7F7F3520202020202020207F7F7F7F2020202020202020202020202020202020202020202092687F7F7F3520202020202020207F7F7F3F20202020202020202020202020202020202020202020926A7F7F7F3520202020202020207F7F7F3520202020202020202020202020202020202020202020926A7F7F7F21202020202020206A7F7F7F3520202020202020202020202020202020202020202020926A7F7F7F20202020202020206A7F7F7F252020202020202020202020202020202020202020202020926F3F617E7F7F7F7F7F7F7F342B3F212020202020202020202020202020202020202020202020202092687F7F7F7F7F7F7F7F7F7F342120202020202020202020202020202020202020202020202092607E306B7F7F7F7F7F7F7F7F277874202020202020202020202020202020202020202020202092607E7F7F3423232323232323217E7F7F3420202020202020202020202020202020202020202020926A7F7F7F2520202020202020607F7F7F3520202020202020202020202020202020202020202020926A7F7F7F20202020202020206A7F7F7F3520202020202020202020202020202020202020202020927E7F7F7F20202020202020206A7F7F7F2520202020202020202020202020202020202020202020927F7F7F7F20202020202020206A7F7F7F2020202020202020202020202020202020202020202020926F7F7F2520202020202020206B7F7F3F202020202020202020202020202020202020202020202092222F21202020202020202020206B2720202020202020202020202020202020202020202020202020202020202020202020202020202020202020202020202020202020202020202020202020202020202020202020202020202020202020202020202020202020202020202020202020202020202020202020202020202020202020202020202020202020202020202020202020202020202020202020202020202020202020202020202020202020202020202020202020202020202020
100,12,m7anim,2020202020202020202020202020202020202020202020202020202020202020202020202020202020202020202020202020202020202020202020202020202020202020202020202020202020202020202020202020202020202020202020202020202020202020202020202020202020202020202020202020202020202020202020202020202020202020202020202020202020202020202020202020202020202020202020202020202092603420202020202020202020202020202020202020202020202020202020202020202020202092787F7F342020202020202020202020202020202020202020202020202020202020202020202020927F7F7F352020202020202020202020202020202020202020202020202020202020202020202092687F7F7F3520202020202020202020202020202020202020202020202020202020202020202020926A7F7F7F3520202020202020202020202020202020202020202020202020202020202020202020926A7F7F7F2120202020202020202020202020202020202020202020202020202020202020202020926A7F7F7F202020202020202020202020202020202020202020202020202020202020202020202020926F3F617E7F7F7F7F7F7F7F342020202020202020202020202020202020202020202020202020202092687F7F7F7F7F7F7F7F7F7F342020202020202020202020202020202020202020202020202092607E306B7F7F7F7F7F7F7F7F277874202020202020202020202020202020202020202020202092607E7F7F3423232323232323217E7F7F3420202020202020202020202020202020202020202020926A7F7F7F2520202020202020607F7F7F3520202020202020202020202020202020202020202020926A7F7F7F20202020202020206A7F7F7F3520202020202020202020202020202020202020202020927E7F7F7F20202020202020206A7F7F7F2520202020202020202020202020202020202020202020927F7F7F7F20202020202020206A7F7F7F2020202020202020202020202020202020202020202020926F7F7F2570707070707070306B7F7F3F202020202020202020202020202020202020202020202092222F617E7F7F7F7F7F7F7F7F346B272020202020202020202020202020202020202020202020202020926E7F7F7F7F7F7F7F7F7F3F2020202020202020202020202020202020202020202020202020202020926F7F7F7F7F7F7F7F372020202020202020202020202020202020202020202020202020202020202020202020202020202020202020202020202020202020202020202020202020202020202020202020202020202020202020202020202020202020202020202020202020
100,13,m7anim,202020202020202020202020202020202020202020202020202020202020202020202020202020202020202020202020202020202020202020202020202020202020202020202020202020202020202020202020202020202020202020202092787C7C7C7C7C7C7C742020202020202020202020202020202020202020202020202020202020927A7F7F7F7F7F7F7F7F7F7420202020202020202020202020202020202020202020202020209260346B7F7F7F7F7F7F7F7F3F212020202020202020202020202020202020202020202020202092787F7F342B2F2F2F2F2F2F2F212020202020202020202020202020202020202020202020202020927F7F7F352020202020202020202020202020202020202020202020202020202020202020202092687F7F7F3520202020202020202020202020202020202020202020202020202020202020202020926A7F7F7F3520202020202020202020202020202020202020202020202020202020202020202020926A7F7F7F2120202020202020202020202020202020202020202020202020202020202020202020926A7F7F7F202020202020202020202020202020202020202020202020202020202020202020202020926F3F2120202020202020202020202020202020202020202020202020202020202020202020202020202020202020202020202020202020202020202020202020202020202020202020202020202092607E30202020202020202020202020202020202020202020202020202020202020202020202092607E7F7F3420202020202020202020202020202020202020202020202020202020202020202020926A7F7F7F2520202020202020202020202020202020202020202020202020202020202020202020926A7F7F7F2020202020202020202020202020202020202020202020202020202020202020202020927E7F7F7F2020202020202020202020202020202020202020202020202020202020202020202020927F7F7F7F2020202020202020202020202020202020202020202020202020202020202020202020926F7F7F25707070707070703020202020202020202020202020202020202020202020202020202092222F617E7F7F7F7F7F7F7F7F3420202020202020202020202020202020202020202020202020202020926E7F7F7F7F7F7F7F7F7F3F2020202020202020202020202020202020202020202020202020202020926F7F7F7F7F7F7F7F372020202020202020202020202020202020202020202020202020202020202020202020202020202020202020202020202020202020202020202020202020202020202020202020202020202020202020202020202020202020202020202020202020
100,14,m7anim,2020202020202020202020202020202020202020202020202020202020202020202020202020202020202020202020202020202020202020202020202020202020202020202020202020202020202020202020202020202020202020202020202020202020202020202020202020202020202020202020202020202020202020202020202020202020202020202020202020202020202020202020202020202020202020202020202020202020202020202020202020202092607420202020202020202020202020202020202020202020202020202020202020202020202092607F7F752020202020202020202020202020202020202020202020202020202020202020202020927F7F7F7F2020202020202020202020202020202020202020202020202020202020202020202020927F7F7F3F2020202020202020202020202020202020202020202020202020202020202020202020927F7F7F3520202020202020202020202020202020202020202020202020202020202020202020926A7F7F7F3520202020202020202020202020202020202020202020202020202020202020202020926A7F7F7F252020202020202020202020202020202020202020202020202092607E7F7F7F7F7F7F7F342B3F212020202020202020202020202020202020202020202020202092687F7F7F7F7F7F7F7F7F7F342120202020202020202020202020202020202020202020202092607E306B7F7F7F7F7F7F7F7F277874202020202020202020202020202020202020202020202092607E7F7F3423232323232323217E7F7F3420202020202020202020202020202020202020202020926A7F7F7F2520202020202020607F7F7F3520202020202020202020202020202020202020202020926A7F7F7F20202020202020206A7F7F7F3520202020202020202020202020202020202020202020927E7F7F7F20202020202020206A7F7F7F2520202020202020202020202020202020202020202020927F7F7F7F20202020202020206A7F7F7F2020202020202020202020202020202020202020202020926F7F7F2570707070707070306B7F7F3F202020202020202020202020202020202020202020202092222F617E7F7F7F7F7F7F7F7F346B272020202020202020202020202020202020202020202020202020926E7F7F7F7F7F7F7F7F7F3F2020202020202020202020202020202020202020202020202020202020926F7F7F7F7F7F7F7F372020202020202020202020202020202020202020202020202020202020202020202020202020202020202020202020202020202020202020202020202020202020202020202020202020202020202020202020202020202020202020202020202020
100,15,m7anim,202020202020202020202020202020202020202020202020202020202020202020202020202020202020202020202020202020202020202020202020202020202020202020202020202020202020202020202020202020202020202020202092787C7C7C7C7C7C7C742020202020202020202020202020202020202020202020202020202020927A7F7F7F7F7F7F7F7F7F7420202020202020202020202020202020202020202020202020209260346B7F7F7F7F7F7F7F7F3F212020202020202020202020202020202020202020202020202092787F7F342B2F2F2F2F2F2F2F212020202020202020202020202020202020202020202020202020927F7F7F352020202020202020202020202020202020202020202020202020202020202020202092687F7F7F3520202020202020202020202020202020202020202020202020202020202020202020926A7F7F7F3520202020202020202020202020202020202020202020202020202020202020202020926A7F7F7F2120202020202020202020202020202020202020202020202020202020202020202020926A7F7F7F202020202020202020202020202020202020202020202020202020202020202020202020926F3F617E7F7F7F7F7F7F7F342020202020202020202020202020202020202020202020202020202092687F7F7F7F7F7F7F7F7F7F342020202020202020202020202020202020202020202020202092607E306B7F7F7F7F7F7F7F7F272020202020202020202020202020202020202020202020202092607E7F7F3423232323232323212020202020202020202020202020202020202020202020202020926A7F7F7F2520202020202020202020202020202020202020202020202020202020202020202020926A7F7F7F2020202020202020202020202020202020202020202020202020202020202020202020927E7F7F7F2020202020202020202020202020202020202020202020202020202020202020202020927F7F7F7F2020202020202020202020202020202020202020202020202020202020202020202020926F7F7F25707070707070703020202020202020202020202020202020202020202020202020202092222F617E7F7F7F7F7F7F7F7F3420202020202020202020202020202020202020202020202020202020926E7F7F7F7F7F7F7F7F7F3F2020202020202020202020202020202020202020202020202020202020926F7F7F7F7F7F7F7F372020202020202020202020202020202020202020202020202020202020202020202020202020202020202020202020202020202020202020202020202020202020202020202020202020202020202020202020202020202020202020202020202020
100,16,m7anim,202020202020202020202020202020202020202020202020202020202020202020202020202020202020202020202020202020202020202020202020202020202020202020202020202020202020202020202020202020202020202020202092787C7C7C7C7C7C7C742020202020202020202020202020202020202020202020202020202020927A7F7F7F7F7F7F7F7F7F7420202020202020202020202020202020202020202020202020209260346B7F7F7F7F7F7F7F7F3F212020202020202020202020202020202020202020202020202092787F7F342B2F2F2F2F2F2F2F212020202020202020202020202020202020202020202020202020927F7F7F352020202020202020202020202020202020202020202020202020202020202020202092687F7F7F3520202020202020202020202020202020202020202020202020202020202020202020926A7F7F7F3520202020202020202020202020202020202020202020202020202020202020202020926A7F7F7F2120202020202020202020202020202020202020202020202020202020202020202020926A7F7F7F202020202020202020202020202020202020202020202020202020202020202020202020926F3F617E7F7F7F7F7F7F7F342020202020202020202020202020202020202020202020202020202092687F7F7F7F7F7F7F7F7F7F342020202020202020202020202020202020202020202020202092607E306B7F7F7F7F7F7F7F7F272020202020202020202020202020202020202020202020202092607E7F7F3423232323232323212020202020202020202020202020202020202020202020202020926A7F7F7F2520202020202020202020202020202020202020202020202020202020202020202020926A7F7F7F2020202020202020202020202020202020202020202020202020202020202020202020927E7F7F7F2020202020202020202020202020202020202020202020202020202020202020202020927F7F7F7F2020202020202020202020202020202020202020202020202020202020202020202020926F7F7F25202020202020202020202020202020202020202020202020202020202020202020202092222F2120202020202020202020202020207870202020202020202020202020202020202020202020202020202020202020202020202020927A7F7F202020202020202020202020202020202020202020202020202020202020202020202020922A7F2720202020202020202020202020202020202020202020202020202020202020202020202020202020202020202020202020202020202020202020202020202020202020202020202020202020202020202020202020202020202020
