100,1,m7anim,20202097222B7F7F7D30206F7F206A7F206A3F207A3F21787E3F272120202020232F6F7F7420226F202020202097226B7F7D202A7F306A7F207F35683F21783F2160787C7F7F7F7D7430202B7F7D3022977C7C7C7C7020202B7F34207F356A3F207F207E25783F21787F2F23212022232F7F7D30226F7D30977F7F7F7F7F7D34202B7F206A356A3568376837683F607E2760787C7F7F7D7C70222B7F34226F7D97232323232B6F7F74206F356A356A356A357A217E217E21783F2321707020236F7D302A7F34227F20202020202097226F75227F207F6A356A203768257E217E27787E2F2F2F6F7D302B7F302A7F206A977C7F7F7F7F7D74206F346B347F6A357F6A253F6A257E613E27707C7C7C74326F74227F306B7520977F2F2323232B6F7D207F2A357F6A25357A6825377A613E613E23707070326F346B346A352A7F2097212060707C74702B7D6A34357E6A6025353A6A69253E6827782F7373732B746B307F227F207F3097607E7F2F27232F7D3A343535357A6A6A613537367A68253E693E6373336D3A34356A207F207F35977F3F2160787C7C706D2535757535373E7A6A686925373E78653E6373736D6935376A207F207F21973F21687F2761707277303B3A3A7A6961653536363A7A6965363863382E396F7565376A35687F209721687F21783F613C3E7F762E796127363E6A6869616535363A69673E333574762E693F607E256020977E37683F6837367C71737378673E78616537363E3A6A6969253736322C28392F27607E27207E20977F217E257F6A696A692D7C3C277861273E7A6A69653535363A7A6A6A3437362F2F2F21607E7F97687F207F207F6A3235752B6C2C2778273E6925373E7A6A696535353634656D2B7D74787C7F3F21972A7F207F207F22756B322F6C3C2F613E61373A6A6135367A6A6035357D6A327D30232F2721206020977F306A356A352B742B6D7C7C3E2778277A61377A6825357E6A20356B2A75226F7C7470787E7F20976F75227F206F742B7D747070783E217E253E68357E6A25356A20356A356B75202B2F7F7F2F2797302A7F306B7D226F7C7023232361783F613E613F68357E68356A207F227D206F7D702020202020977D206B7D202B7D30222F6F7F3F2F23783F217E217F60376A356A206F306B75202B7F7F7C7C7C7E977F34206F7D302A6F7D74707070787E27607E257A257A356A356A346A35227F7420222F7F7F7F7F972B7F74202B7F7420222B2F2F272320787F217837607F207F207F356A7F202A7F7520202022232320976B7F7420236F7F7C747070787C7F2720783F217A35687F207F35207F35206B7F7D74202020209774202B7F7D7020222B2F2F2F2F2320607E3F21787F206A37207F35206F7D20206F7F7F7F7C7470
100,2,m7anim,2020202020972B7F7F74206A7F35207F25687F21687F25607E7F2F23232323232B6F7F7D30202B7F97607030202020227F7F30207F35207F207A37607F25607F272070787C7C7C7C7020226F7F74202B977F7F7F7F7C3020227F7D206B35207F207F257A35607F21607E3F272323232F6F7F74202B7F7420977F7F6F7F7F7F7C20227F346A75207F207F603F607F21783F21707C7C7C7C7430236F7D30227F742020202097222B7F7D306A7D207F207F6A356A257A217E27787E27232120232B6F74206B7D302A7F20977070707020226F7D207F307F20356A257F60357A257827607C3F2F2F7D74302B7D306B7D206F977F7F7F7F7F7F74306B756A356B20357A68357E68377A257A2760787C7C70226F342A7D207F342A973F23202020222B7F306F20356A60353F6A61353E68253E613E277170722B6D306F346B346A7520209760787C7C7C74226D2A35356A6A2135377A6865373E6127782E2373336D746F22756A35227F2097787F3F2723232B6D323535353E6A6A686535363A6861373A613E27733B6D2B32356F207F207F20977F2720707C7F7D746969353535373E3A7A6A616535363A692778277333646535357E6835607F20973720783F23707C767932293A3A69696525363E3A7A686965367867792E397E7565377A257A372020976A3F207E27782C3E7F773B7965373E7A6A696D6535363E7A61673C7327347A277837607F216A20977F256A376865366C69797779273E69653536363A7A68696537363A3B2C60732723787F25607F976A7F207F203F6A6A6A672C747C277865363A6869652535363A7A6A696B2037762B2F2721787F37976A37207F20356A2A36762D7C7C2F71377A6137363A6A69613535373A6A686B326D7C7C7E7F2720976A7D207F207F2A356D322D7C7C2E633E61367A6925373E6A6A2135356A6A306D70222323206078976A7F207F306B346F342B7C74787C2778377825377A6835376A6A35356A327D226F7F7C7C7E7F7F20977F346A7D227F302B7C707271707E2778257A61377A68357F6A357F6A352A7D30222B2F2F272120976B7D206F74226F743223232323703E217A253E60376A21356A356F207F302B7F7430202020609734206F75206F75302B6F7F7C7E3F27607E257A257E217F68356A356A356A7D20226F7F7F7F7F7F977F30227F74202B7F7C70202060707C3F217A2768376A356A356A356A7D206F7D2020232F6F7F3F976F7D30226F7D3020232F2F2F2F2721707E27603F207F217A356A35207F34227F7F74202020202097226F7D30202B7F7D7470306070787E3F21607F25683F207F216A7D206F7520227F7F7D703020209730226F7F7420222B2F6F7F7F2F2F2320787F25607F25687F206A7F206A7F3420226F7F7F7F7F7F
100,3,m7anim,202020202097226F7F7F20207F35207F35207F25607F2720787E3F2F2723232F2F7F7D7420226F7F977C7C7C703020202B7F75206B75207F356A3F207E37607E3F212070787C747020202B7F7D30206F977F7F7F7F7F7430206B7F206A7F207F207A356837607E27607C7F2F2F2F2F6F7F7C30226F7F3020972F23232F6F7F7D34206F35227F207F207F207F217E25783F2360707C7C7470222B7F74206B7F30202020202097226F7F34227F207F207F20376A376A257837607E2F2723232B2F7D74226F75206F7D97707C7C7C7C70202B7F306B356B207F6A357A20376837683F61787C7F7F7C74226F75226F34227F977F7F2F2F2F7F7D302A7D2A356A20376A20357A61377827782F61707870302B7D306B752A7F206A97272020202020236F346B307D6A20357E6A65373A68277A65782F2373332B7D327F307F306F352A2097707C7F7F7F74306F32356F6A6035353E6A6125377A613E713E27232B6D326D2A356A356A7520977E7F2F232020236F3435353A6A6A686135373E7A68653678657C2F232B646B3A347F6A356A7F20977F2120787F3F2F746B6A353535363E7A6A696525373E7A6127782F633B662535353F6A356A37209721607E2721787C6C393E6D3B7B69652537363A3A686965373E792673773B7E6D69257E217E256820977E37607E23782C7A7F7D3969273E3A7A6965653537363A6861263867233C39277A25683F207A97687F207E257A61772F2F38267126786165363E3A7A6A696525363E3A397C72732361783F21787F976A35207F60376A6A68676C73782E79273E7A69652535363E7A6A69696B60377423232360787F25977F356A7F6A356A6A3A366D747C3E613E7865373E7A6A692535373E6A6A6A6A326F7D7E7F2F2120977F352A7F22756A346D3B6C74783C2778653E786135377A6A6935357E6A2A346F7430202020707E976A75207F207F306F326F7470707C2F613E68273E6A61353E6A20357F6A346F302B7F7F7F7F7F3F972A7F206B352A7D226F74322323707C2778377A613F6A61357A68356B2275227F7020232323212020976F75227F342B7D70232B2F2F23617C2778277A213F6A257F6A356A346B34227F7D747070707897302A7F34227F74222F7F7C7C7C7E2F617E2778357A257E20376A356A35227F30202B7F7F7F7F7F977D202B7F30226F7D702022232160783F21783F603F603F68356A75227F206B7F74202023232F23977F75202B7F7420222F7F7F7F7F2F23607E37207E217A356A356A7F206F35206B7F7D3020202020972A7F7520226F7F747020202020707C7F27607E35607F207A356A7F206A7F30206F7F7F7D7C707020972A7F7D3020232F7F7F7F7F7F3F2721607E37207E37207F256A7F30227F7D20202B7F7F7F7F7F
100,4,m7anim,97707020202020226F7F34206B7F206A7F207A3F207E3F21607C7F3F2F2F2F2F7F7F7430202B7F75977F7F7F7D743020227F7F206A7F206A35607F217A3F20787F2721207070702020236F7F74202A7F977F7F7F7F7F7F7420227F34227F206A356A37603F217A3F21787E7F2F2F6F7F7D74202B7F7D202A97232020232B6F7F75206B7D207F207F217E257A257A27607E27217070707020236F7D34226F7D20202020202020972B7F75207F346B357F207F603F6837683F21783F2F272B2F6F7C302A7F34227F75977E7F7F7F7D7430226F346A356A357F20356A253F603F603E23707C7C7C7430237F342A7F302A7F977F2F27232B2F7F74227F207D6A357F6A253F6A253F6837683E23707070222B7D226F346A7D206F20202097707030226F756A356F6A35376A68353F7A61377827782F2323232F74227D227D207F306A97607C7F7F3F7F7D706B30756A6A25353F7A6A65353E78653E613C2F2F2F6C32756A356B346B356A977F3F23206070322B34756F6A6A6A612535367A6A61253E7827782E2F2F746B6A30356A356A356A973F20607E3F2F2F6D3B6A3A36363E7A6A68652535363A68653E792E272B76353535356A357A356A2097687F27607C3C2C393F6D6969616537363A7A6A696165363A612E7373723C6D68253F607F216A97607F25683F617C67727F6D3965273E7A6965653537363A7A69673E3966623F29617E217A37607F977A37207F217E69672B2F3C2E713E786537363A7A6A696565353E3A79397D767773707E27207E3F977F356A3768357E6A60776673713E61273E69616535373E3A6A6861656D6A6564332321707E3F21977F356A356A357F6A2A326C70703C673E69253E3A6A696535353E7A6A6A6A2A342B6F7F3F272060977F356A356A356B32752B7C70707C2778273A6965373E6A686535376A6A3A752B7C702060707C7F977F352A7F207D227D226D747271783E613E61377A6825377A6A25356A2A356B34236F7F7F7F3F27976B7D207F346B75227D7023232361783F613F68253E6A25376A20356A307D206F7430202020202097227F342A7D306B7D30232F2F2F2761782768377A257E68357A20356A356A75226F7F7C7C7C7C7E20976B7D202B7D30236F7D7C70787C3F217837603768356A217F207F227D206F7420222F7F7F7F7F9734206F7D202B7F74302223232321707E27607F607F207F207F207F207F34227F7D302020202020977F34206F7D30222B6F7F7C7C7E7F2721783F217A256A356A3F207F206A7D202A7F7F7C70202020976F7F34202B7F7D70202023232020707E3F217837207F256A35207F352A7F7520226F7F7F7F7F7F20976B7F7420222F7F7F7D7C7C7E7F2F23607A3F217A3F207E35207F35206F7F3020222B7F7F7F7F
100,5,m7anim,977C7C7C702020202B7F7D206A7F30687F206A7F21787F2720787E7F7F3F7F7F7F7C7020226F7F34977F7F7F7F7F7420206B7F34207F356A7F207E25687F21607E3F232020202020222B7F7D30206B7F972F2F2F6F7F7F7D30206F75207F356A35603F207F25783F21607C7F7F7F7F7F7C30226B7F74206B2020202097222B7F7F30227F306A356A356A356A35683F617C3F2320707030222B7F7D302B7F742097607070703020226F7D206B356A356A257F207F603F607E21787E3F2F2F6F7D74202B7D302A7F34977F7F7F7F7F7D74206B752A756A356A203F6A357E613F617E2760787C7C70222B7D306B7D206B7D972F232120232B6F7D206F307F6A357E68357E68257E613F613E27237032236F74227F306B35227F20209770787470202B7D2A356A6A357F6A60353E6A253E6827783E2F232B6D742B752A752A7F206F97787F7F2F2F2F6F742A347F6A6A35357E6A6925373A68273A67782E2F2D742B746B347F207F306A977F2720207070702B756F6A6A6A612535373A6A6865373A6927783E2F2D766D6B22356A207F356A972520787F2F232B6D3A7A6A3A3A7A6A68616535363E7A69253E613C2F2D36367E20357A207F206A20977A3F21787C2F2C397F656D696537363E3A6A696965373E78633C637376306B7A6137687F207E976A7F21783F603E67633D2979653E3A6869653535363E3A6861273E7964623F29713E617E25687F977F35607F203F6865232F3C2C673E6965373A7A6A69616535363E78692979776773787E25607F37977F216A356A25376A35367673713C613E7A696535373E3A6A6A6165757D6B656D722170787F2720977F207E356A20356A6A3A7473717C277A61373E7A68613535367A6A6A6A6A3A742B2F2F27212078977F206F356A346F2A752B747373782E71277A61253E7A6A6135357E6A6A36752B7D747070787F7F977F306A752A752A752A7D702363707E277A613E7A61353E6A68357F6A22752A74222B2F7F2F2721977F35227F206F342B7D30232F2F23703E613E61357A68357E6A257F6A356F306B7D702020202060976A7F206B7D226F74222B6F7C7E2F23783F613F68357E61356A207F2A752A7D202B7F7F7D7C7F7F20976F75206F75202B7F7C7070707C7E27683F613F60376A357A207F207F206B7D3020232F2F2F2F9730227F74206F7D7020232F2F2723607C3F617E217E217E217F207F306B35206F7F742020202020977D20227F7520222F7F7C7C7C7C7E3F23607E257A37603F207F207F352A7F30206F7F7F7C707070977F7D20226F7F7420202323232321607C3F21687F217A35687F207F35207F7D20202B7F7F7F7F7F97226F7D30202B6F7F7C7C74787C7E7F2720787F25607F216A7F206B7D206A7F7D2020222B2F7F7F
100,6,m7anim,977F7F7F7D742020226F7F30207F35207F35607F25607F3F2160787E7F7F7F7F7C7430222B7F7D30977F7F7F7F7F7D3420227F75207F35207F206A37607F27607E7F2723202020232B6F7F7420227F7D972323232B2F7F7F74206B7F206A35607F207F217A27607E2720707C7E7F7D7C7020226F7D30226F202020202097226B7F74207F356A356A3768376837603F21783F2723212023232F7F74206B7F3022977C7C7C7C7430202B7F306A356A356A356A257E217E217E27607C7F3F6F7F7C70226F75206B7D20977F7F7F7F7F7F7D302A7D207F22356A257F68377A257E21782F2170707030236F7D206F75207F35972320202020222B7F306B346B20356A20357A60357A613E617C2F2323232B6F742B7D207F346A7F2097707C7C7C7C30227F20756A30357A6A25377A68253E613F617C2F2F2F7D306B346B356A7D207F977E7F3F2F232B6F7C22756F6A25353F7A6A6535367A61377827783C2F6C742B346F227D227F207F973F2120707C7C70227D6B6A6A6A2535373E7A686925377A613E713C2C6C32656B6A357F207F206A2097607E3F2723232F327A6A2A3A6A6861653537367A6861373A633C2C2C3A3E6A6A357F207F207F97607E3720783F2F2D3E7F746D6525373E3A6A69696525363A69673C677376312A7A68356A37607F977E37207E27683E63613C2971673E7A69653537363E3A6A69653638636C7A7F2D793F607F217A3F977F256A3760376869333F2E2C677861273E3A686961653536367A69696D737766717C3F21787F25977F207F257E213536353E76337378673E786125373E3A6A6A69652535756F696D7070707E3F2160973F207F207F20356F6B2B76737378277865367A6A612535363A6A6A6B6B3A3675232B2F2320607E977F207F207F207D2A346D727373713E613E7865373E7A6965353F6A6A2A357D226F7C747C7E7F3F977F206F356A356A742B7432232361782778253E6A25377A6A21357F6A347D2A7D30232F2F272120977F346A7D207F306B74222B2F2F27617E217E61377A61357A6A357F6A356B342B7F747020207078976F75206F74227F74232F7C7C7C3E27613E617E61377A253F6A357F207D227F30222F7F7F7F7F7F972A7F34227F74226F7D70702070707E27607E217E213F68356A357F306F342A7F7420222323232320976B7F30226F7D30222B2F2F2F2721783F217A257A256A356A356B356A7D202B7F7D70202020209774202B7F74202B7F7D7C7070787C7F27607E27683F207F207F206A35207F75202B7F7F7F7D7C7E977F74202B7F7C3020232B2F2F272320787F27607F256A3F207F206A7F206A7F3420222F7F7F7F7F972B7F7420222F7F7D74707070707C7F3F21607E37207F35687F206A7F30227F7F30202020232B2F
100,7,m7anim,977F7F7F7F7F7420202B7F35206B7F207A37207E37207E3F2720707C7C7C7C7C743020236F7F7420973F2F6F7F7F7F7D30206F7F206A7F207F256A7F207E3F20787F3F272323232B2F7F7D30202B7F752020202097236F7F7D20227F346A7F207F207E256A3F207E3F2160787C7C7C7430222B7F74202B7F20976070202020237F7D206B352A7F207F603F603F207E27607E2F232323232B6F7C30226F7D206B977F7F7F7F7D7420226F35227F207F20356A357A257E25783F61787C7F7F7C74302B7F34227F7520977F2F2F2F2F7F7D34227F206F207F6A357A603F6A257A27783F23607070222B6F74227F342A7F34202020202020972B6F342A356A347F6A25376A213768257A25783F2723232F7D306B752A7F206B7597607C7F7F7F7D74226F307F6A357F6A60353E6A61377A613E61783E2F2F7C326F306F346B352A7F977F3F272323232F7D32756A6A35357E6A6825373A68653E7827717C2C7C726F307D2A356A7D207F97272060787C7C74326D6A6A6A6535353F7A6A6965373E78653E61783C7C32756D6A347F6A7F207F2097787F2F2320222B363E6A6A6A6A696535373E3A7A6965367867782C6C3B3A6A6A253F6A3F207F97687F27607E2F23296E6D766565373E3A7A6969652537363A692738267166313A3E6A257A35687F977F35607F2178277365342867263A696125373E3E3A7A6961253E78676C7E7F6F7927683F207E35977F207A3568377A6933762F3D267865363E6A6969652537363A7869656D737F6C787E27207E3F209735207F207F603535353A732F6378273E696537363E7A6A6965253536357F682974707C7F2F20689735687F207F6A35756D2B722363713E79273E7A696535373E6A6A68653537347D3223232120787F97352A7F207F22756A326D722323713C673E6925367A6A6135357E6A6A35356F322F7D7C7E7F3F279735207F306F346B346F74232F2723782F78377A69253F6A6835356A6A356F227F30222323232020977F206B752A7D226F74232F6F2F2F6178277A253E6825376A20356A20756A75226F7D7470707C7E977F35227F302B7D302B7D7C7C7C7C2F617E257E613F68357E6A356A307F206F74202B6F7F7F7F3F976B7F302A7F302A7F747022232170783F217A257A217E20376A356A356A35227F7D30202020202020976F7D202B7F74202B2F7F7F3F2F23607E25783768376A356A356A352A7F30227F7F7C703020609730226F7D30226F7F7C70707070787E3F21783F607F217E256A356A7F206B7D20226B7F7F7F7F7F977D30226F7F7420222B2F7F3F2F2721607E3F207E37607F207E35227F302A7F7D2020222F6F7F7F976F7D30202B7F7D747030202070707C7F27207A3F207A37207F35207F35206B7F7D302020202020
100,8,m7anim,977F7F7F7F7F7D3020227F7F206A7F206A7F207A3F20787F27216070787C7C707020222B7F7D3022972323232F6F7F7F74202A7F346A7F206A35607F21783F21607E7F2F2F232F2F7F7F7420226F7F302020202020972B6F7F34207F35207F207F256A37687F21783F2720707070707020236F7D30206F7F97707C7C703020226B7F306A7D207F207F207F217E217A27607C3F2F23232B2F7F74202B7F74206F977F7F7F7F7F7D30206B7D207F207F207F68376A357A27683F21707C7C7C7C70222F7D302A7F3422972F232323232F7F74206F346A347F20356A257F68377837603E27232022232F7D302A7D306B7D2020209770707020226F75227D6A357F68357F6A253E68277827787E2F2F2F6F74226F346A7D207F3597787F7F7F7F7F7C306B346F22357F6A21357A68653F78257E27787C2E7C74227D327F307F346A7D977F2F232020202B6F306D6A34353F7A6A61353E7A68253E613E61787C74326D32756A356A356A7F972120787E7F7F7D306F6A6A753535373E7A6A6125373A69273E63787C743B347D6B22356A35607F20977E7F272070702B34356A6A6A69652535363A7A6861253E7927713C743B7A6A6A60356A356A7F977E3F21787E2723336661726436363E7A6869656537363A786126792C7C6E613A3E7A257E217A37977F21683F217C27736D343A663E78696537363E3A7A686965373E79673D7D7F7678257A37607F259737207F257A253E79767667792E79273E7A6961652537363A7A69616766232F2C7C3E27607E272097356A7F207F6A353537383B2C277126786125363E7A6A696565353736347F682B7C7C7E3F27207A20976A3768356A35356D69722B27713E61373A68612537367A6A6861353535356D70232120707E7F20976A7D227D2A356B327D332F2F6378273A61373E7A682535366A6A2135756B302B6F7F7F7F2F2197352A7F207F206F306D702B2F2F27703E61377A61377E6A61357F6A20356B306F742020202020609775207F346A75227D302B6F7C7C2F23782768277E68357E6A253F6A347D2A7D202F7F7C7C7C7E7F977F302A7D206F75222F7C7470707C3E23782778257E68357A20356A356B346B7D30222B2F2F2F27976F75206F7D202B7D702023232321787E2578376A257A217F68356A356A7D206F7F742020202020972A7F74206F7D30222F7F7D7C7F3F27607E37603F603F68376A352A7D207F34206B7F7F7C7C7C7C20972A7F74202B7F7D7030202020707C3F21687F217E256A356A35207F306A7F3420226F7F7F7F7F9775202A7F7D30222B2F7F7F7F7F2F2320783F217A3F207F256A35207F35206F7F34202022232F2F977F7520226F7F7C70202020202060787E3F21687F216A7F207A35206F7D20227F7F742020202020
100,9,m7anim,973F2F7F7F7F7F7D30206B7F34207F35207F25607F25607E3F2320607070707020202B6F7F74202A20202097222B6F7F7D20207F35207F356A7F207E25607F2720787F7F2F2F2F7F7F7C30202B7F7D20202020202020972B7F7D206B7D207F356A35683F607F25687E27212070707020222B7F7D20227F75977E7F7F7C7430202A7F34227F207F217E217A257A25783F21787E2F2F2F2F7F7C70226F7D30227F977F7F7F7F7F7F74202A7F206B346A207F203F60376837607E2760707C7C7030236F75206B7D206A9721202020222B6F7D306B356A356A203F6A357E613F603F617E2F2323232B6F7C306B7D206F7520209770787C7470202B7D207F22356A20357A60357A61376837617C2F2F2F7D74227F306B35227F30977F7F7F2F2F7F7D302B756B30356A6835376A60253E68277827707C7C7C702B7D227D227F206F35973F2320207030226F346F2A35357E6A6825353E6A61273A613E63707C703B6D2A356B346F346A752097607C7F7F2F7D746B3A303535373E7A6A6925353E7A612778277178722B36756F6A356A356A7F97687F3F216070703275357D6B69652535373A7A6A6965373A692E717C76797B6B6A6A357A356A35977F3720783F23637366613236363E7A6869652535363E3A69653E712C2C2D6F36377A617F207F35973F207A3F607E67393D3436663E796125373E7A6A68696525363A61663B7D77763E617E25687F209725687F207E213E3A7C7067733E61273E7869657537363A3A6A61657676262D3C2C2F21787F216020976A3768376A25353F693B2C2E613E7865373E3A6A68616535373E3A32353A3B6C7C7F2F21607E20976A356A356A2035756D332F2F637C613E7A696535363A6A6A6125353535756F74302070787F3F20976A356A356A356D2A742B2F2F2778277865373A686135373A6A6835357D2A742B2F7F7F2F232020976A75227F227D227D322F2F2F27613E613E6825377A6825357A6A35756A346B7D70202020607897352A7F206F342A7D322F7C7C7C3E27703F69377A61377A68357F6A356F227F302B6F7F7F7F7F7F977D206B75226F74226F7C707070787E27783768357A21376A257F6A356A352A7F30202323232321977F34227F74226F7D30232B2F2723607E27683F68376A357E207F227D227F302B7F7D7020202020976B7F30227F74202B6F7D7C7C7C7F2F21783F607F207F207F207F207F206B7D20226F7F7F7F7F7F20976B7F30226F7F74302023232160787E27607E257A356A35607F207F35227F7520202B6F7F7F7F9730206F7F7420222F7F7F7C7C7F7F2F21607E27687F207A356A7F206A7D206A7F7D302020202020977F34202B7F7D7030202223232120707C7F25607E25607F216A7F206A7F30206F7F7F7420202020
100,10,m7anim,972323232F7F7F7F7420227F35207F37207F35207F2720787F2721202070302020232F7F7D30206B2020202020972B7F7F34206B7F206A35207F217A37207E3F21707C7F7F7F7F7F7D7420226F7F342097707070302020226F7F302A7F206A356A3F607F217E27607E3F2321202020222B6F7F74202B7F34977F7F7F7F7D7420206F7D206F356A356A356A356A37603E23607C7F3F2F7F7D7430236F75206B7F973F2F2F2F6F7F7D30227F346A356A357A217F203F603F617E2F2170707070222B7F74226F75206F202020202097222B7F342A752A356A357F60356A217E613E21783F2F23232F7F74226F74227F342297707C7E7F7C7430227F306F20356A25376A21377A213E613E61787E2F6F7C302B7D206F346A7F20977F7F2F2F2F2F7F74227D6A357D6A20353F6A61357A6137782F61787C74322B742A752A7D207F3497272020707070302B756B2235356A6A6135367A68653778653E277170722B742B346F307F207F352097787F7F2F2F6F742A323535353F7A6A686535373E686536782F7370726932357D6A357F207F35977A7F2720707C74326535756D652535373E7A6A696125367A613E63707269696D7F6A257F207F35977F25607E2723707366203B36363A7A69616537363E3A6869273C633C2C296F34353E6837607F219737207E27683F633C3E7776263A6965373E3A6A6A696165373E7861263B3D74763E617E217A372020976A3F207F60373E7C7063733C613E7A69652535363E3A6A69652736762629382E27617A3F206A20977E356A357A68357A69292C2E633E6925363A6A68696535353E3A6A2A353E322F7E3F2720787F20977F216A357F6A35356D2B2C2E2778273E686535373E6A6A6925353535356D2B7C7070787E7F2720977F346A356B307D2B742B2D2E27713E78253E7A6925353E6A6A2135356B2A74222F2F2F27212020976F356A752A752A75222F7C7C2F6378253E61353E6A6135376A60357F6A752B7D74707070787E20976A7D207F306B74226F7C70787C2F613E613F6A253F6A21357A20356A306F34222F7F7F7F7F3F9735207F342A7D302B7D74322363707C27603E61376A253F6A357F20752A75227F74302022232020977F302A7F302A7F74202B2F2F2F2761783F603F603F68356A257F207F207F34226F7F7C70707070976F7D202B7F30222F7F7C7470787C3F23603F217E217E217F207F207F346A7F30202B7F7F7F7F7F97227F7D202A7F7D70202323232321607E3F217A35683F607F207F206A75206F7F302020232F2F2F2097227F7D30222B7F7F7C7C7C7C7F3F27607E37207F256A37207F206A7F30227F7F742020202020977D30226F7F74302023232F27232120787F27207A3F207E35207F34227F35202A7F7F7D74702020
